iso_code,continent,location,date,total_cases,new_cases,new_cases_smoothed,total_deaths,new_deaths,new_deaths_smoothed,total_cases_per_million,new_cases_per_million,new_cases_smoothed_per_million,total_deaths_per_million,new_deaths_per_million,new_deaths_smoothed_per_million,new_tests,total_tests,total_tests_per_thousand,new_tests_per_thousand,new_tests_smoothed,new_tests_smoothed_per_thousand,tests_per_case,positive_rate,tests_units,stringency_index,population,population_density,median_age,aged_65_older,aged_70_older,gdp_per_capita,extreme_poverty,cardiovasc_death_rate,diabetes_prevalence,female_smokers,male_smokers,handwashing_facilities,hospital_beds_per_thousand,life_expectancy,human_development_index
USA,North America,United States,2019-12-31,0.0,0.0,,0.0,0.0,,0.0,0.0,,0.0,0.0,,,,,,,,,,,,331002647.0,35.608,38.3,15.413,9.732,54225.446,1.2,151.089,10.79,19.1,24.6,,2.77,78.86,0.924
USA,North America,United States,2020-01-01,0.0,0.0,,0.0,0.0,,0.0,0.0,,0.0,0.0,,,,,,,,,,,0.0,331002647.0,35.608,38.3,15.413,9.732,54225.446,1.2,151.089,10.79,19.1,24.6,,2.77,78.86,0.924
USA,North America,United States,2020-01-02,0.0,0.0,,0.0,0.0,,0.0,0.0,,0.0,0.0,,,,,,,,,,,0.0,331002647.0,35.608,38.3,15.413,9.732,54225.446,1.2,151.089,10.79,19.1,24.6,,2.77,78.86,0.924
USA,North America,United States,2020-01-03,0.0,0.0,,0.0,0.0,,0.0,0.0,,0.0,0.0,,,,,,,,,,,0.0,331002647.0,35.608,38.3,15.413,9.732,54225.446,1.2,151.089,10.79,19.1,24.6,,2.77,78.86,0.924
USA,North America,United States,2020-01-04,0.0,0.0,,0.0,0.0,,0.0,0.0,,0.0,0.0,,,,,,,,,,,0.0,331002647.0,35.608,38.3,15.413,9.732,54225.446,1.2,151.089,10.79,19.1,24.6,,2.77,78.86,0.924
USA,North America,United States,2020-01-05,0.0,0.0,,0.0,0.0,,0.0,0.0,,0.0,0.0,,,,,,,,,,,0.0,331002647.0,35.608,38.3,15.413,9.732,54225.446,1.2,151.089,10.79,19.1,24.6,,2.77,78.86,0.924
USA,North America,United States,2020-01-06,0.0,0.0,0.0,0.0,0.0,0.0,0.0,0.0,0.0,0.0,0.0,0.0,,,,,,,,,,0.0,331002647.0,35.608,38.3,15.413,9.732,54225.446,1.2,151.089,10.79,19.1,24.6,,2.77,78.86,0.924
USA,North America,United States,2020-01-07,0.0,0.0,0.0,0.0,0.0,0.0,0.0,0.0,0.0,0.0,0.0,0.0,,,,,,,,,,0.0,331002647.0,35.608,38.3,15.413,9.732,54225.446,1.2,151.089,10.79,19.1,24.6,,2.77,78.86,0.924
USA,North America,United States,2020-01-08,0.0,0.0,0.0,0.0,0.0,0.0,0.0,0.0,0.0,0.0,0.0,0.0,,,,,,,,,,0.0,331002647.0,35.608,38.3,15.413,9.732,54225.446,1.2,151.089,10.79,19.1,24.6,,2.77,78.86,0.924
USA,North America,United States,2020-01-09,0.0,0.0,0.0,0.0,0.0,0.0,0.0,0.0,0.0,0.0,0.0,0.0,,,,,,,,,,0.0,331002647.0,35.608,38.3,15.413,9.732,54225.446,1.2,151.089,10.79,19.1,24.6,,2.77,78.86,0.924
USA,North America,United States,2020-01-10,0.0,0.0,0.0,0.0,0.0,0.0,0.0,0.0,0.0,0.0,0.0,0.0,,,,,,,,,,0.0,331002647.0,35.608,38.3,15.413,9.732,54225.446,1.2,151.089,10.79,19.1,24.6,,2.77,78.86,0.924
USA,North America,United States,2020-01-11,0.0,0.0,0.0,0.0,0.0,0.0,0.0,0.0,0.0,0.0,0.0,0.0,,,,,,,,,,0.0,331002647.0,35.608,38.3,15.413,9.732,54225.446,1.2,151.089,10.79,19.1,24.6,,2.77,78.86,0.924
USA,North America,United States,2020-01-12,0.0,0.0,0.0,0.0,0.0,0.0,0.0,0.0,0.0,0.0,0.0,0.0,,,,,,,,,,0.0,331002647.0,35.608,38.3,15.413,9.732,54225.446,1.2,151.089,10.79,19.1,24.6,,2.77,78.86,0.924
USA,North America,United States,2020-01-13,0.0,0.0,0.0,0.0,0.0,0.0,0.0,0.0,0.0,0.0,0.0,0.0,,,,,,,,,,0.0,331002647.0,35.608,38.3,15.413,9.732,54225.446,1.2,151.089,10.79,19.1,24.6,,2.77,78.86,0.924
USA,North America,United States,2020-01-14,0.0,0.0,0.0,0.0,0.0,0.0,0.0,0.0,0.0,0.0,0.0,0.0,,,,,,,,,,0.0,331002647.0,35.608,38.3,15.413,9.732,54225.446,1.2,151.089,10.79,19.1,24.6,,2.77,78.86,0.924
USA,North America,United States,2020-01-15,0.0,0.0,0.0,0.0,0.0,0.0,0.0,0.0,0.0,0.0,0.0,0.0,,,,,,,,,,0.0,331002647.0,35.608,38.3,15.413,9.732,54225.446,1.2,151.089,10.79,19.1,24.6,,2.77,78.86,0.924
USA,North America,United States,2020-01-16,0.0,0.0,0.0,0.0,0.0,0.0,0.0,0.0,0.0,0.0,0.0,0.0,,,,,,,,,,0.0,331002647.0,35.608,38.3,15.413,9.732,54225.446,1.2,151.089,10.79,19.1,24.6,,2.77,78.86,0.924
USA,North America,United States,2020-01-17,0.0,0.0,0.0,0.0,0.0,0.0,0.0,0.0,0.0,0.0,0.0,0.0,,,,,,,,,,0.0,331002647.0,35.608,38.3,15.413,9.732,54225.446,1.2,151.089,10.79,19.1,24.6,,2.77,78.86,0.924
USA,North America,United States,2020-01-18,0.0,0.0,0.0,0.0,0.0,0.0,0.0,0.0,0.0,0.0,0.0,0.0,,,,,,,,,,0.0,331002647.0,35.608,38.3,15.413,9.732,54225.446,1.2,151.089,10.79,19.1,24.6,,2.77,78.86,0.924
USA,North America,United States,2020-01-19,0.0,0.0,0.0,0.0,0.0,0.0,0.0,0.0,0.0,0.0,0.0,0.0,,,,,,,,,,0.0,331002647.0,35.608,38.3,15.413,9.732,54225.446,1.2,151.089,10.79,19.1,24.6,,2.77,78.86,0.924
USA,North America,United States,2020-01-20,0.0,0.0,0.0,0.0,0.0,0.0,0.0,0.0,0.0,0.0,0.0,0.0,,,,,,,,,,0.0,331002647.0,35.608,38.3,15.413,9.732,54225.446,1.2,151.089,10.79,19.1,24.6,,2.77,78.86,0.924
USA,North America,United States,2020-01-21,1.0,1.0,0.143,0.0,0.0,0.0,0.003,0.003,0.0,0.0,0.0,0.0,,,,,,,,,,0.0,331002647.0,35.608,38.3,15.413,9.732,54225.446,1.2,151.089,10.79,19.1,24.6,,2.77,78.86,0.924
USA,North America,United States,2020-01-22,1.0,0.0,0.143,0.0,0.0,0.0,0.003,0.0,0.0,0.0,0.0,0.0,,,,,,,,,,0.0,331002647.0,35.608,38.3,15.413,9.732,54225.446,1.2,151.089,10.79,19.1,24.6,,2.77,78.86,0.924
USA,North America,United States,2020-01-23,1.0,0.0,0.143,0.0,0.0,0.0,0.003,0.0,0.0,0.0,0.0,0.0,,,,,,,,,,0.0,331002647.0,35.608,38.3,15.413,9.732,54225.446,1.2,151.089,10.79,19.1,24.6,,2.77,78.86,0.924
USA,North America,United States,2020-01-24,1.0,0.0,0.143,0.0,0.0,0.0,0.003,0.0,0.0,0.0,0.0,0.0,,,,,,,,,,0.0,331002647.0,35.608,38.3,15.413,9.732,54225.446,1.2,151.089,10.79,19.1,24.6,,2.77,78.86,0.924
USA,North America,United States,2020-01-25,2.0,1.0,0.286,0.0,0.0,0.0,0.006,0.003,0.001,0.0,0.0,0.0,,,,,,,,,,0.0,331002647.0,35.608,38.3,15.413,9.732,54225.446,1.2,151.089,10.79,19.1,24.6,,2.77,78.86,0.924
USA,North America,United States,2020-01-26,2.0,0.0,0.286,0.0,0.0,0.0,0.006,0.0,0.001,0.0,0.0,0.0,,,,,,,,,,0.0,331002647.0,35.608,38.3,15.413,9.732,54225.446,1.2,151.089,10.79,19.1,24.6,,2.77,78.86,0.924
USA,North America,United States,2020-01-27,5.0,3.0,0.714,0.0,0.0,0.0,0.015,0.009,0.002,0.0,0.0,0.0,,,,,,,,,,0.0,331002647.0,35.608,38.3,15.413,9.732,54225.446,1.2,151.089,10.79,19.1,24.6,,2.77,78.86,0.924
USA,North America,United States,2020-01-28,5.0,0.0,0.571,0.0,0.0,0.0,0.015,0.0,0.002,0.0,0.0,0.0,,,,,,,,,,0.0,331002647.0,35.608,38.3,15.413,9.732,54225.446,1.2,151.089,10.79,19.1,24.6,,2.77,78.86,0.924
USA,North America,United States,2020-01-29,5.0,0.0,0.571,0.0,0.0,0.0,0.015,0.0,0.002,0.0,0.0,0.0,,,,,,,,,,0.0,331002647.0,35.608,38.3,15.413,9.732,54225.446,1.2,151.089,10.79,19.1,24.6,,2.77,78.86,0.924
USA,North America,United States,2020-01-30,5.0,0.0,0.571,0.0,0.0,0.0,0.015,0.0,0.002,0.0,0.0,0.0,,,,,,,,,,0.0,331002647.0,35.608,38.3,15.413,9.732,54225.446,1.2,151.089,10.79,19.1,24.6,,2.77,78.86,0.924
USA,North America,United States,2020-01-31,6.0,1.0,0.714,0.0,0.0,0.0,0.018,0.003,0.002,0.0,0.0,0.0,,,,,,,,,,0.0,331002647.0,35.608,38.3,15.413,9.732,54225.446,1.2,151.089,10.79,19.1,24.6,,2.77,78.86,0.924
USA,North America,United States,2020-02-01,7.0,1.0,0.714,0.0,0.0,0.0,0.021,0.003,0.002,0.0,0.0,0.0,,,,,,,,,,0.0,331002647.0,35.608,38.3,15.413,9.732,54225.446,1.2,151.089,10.79,19.1,24.6,,2.77,78.86,0.924
USA,North America,United States,2020-02-02,8.0,1.0,0.857,0.0,0.0,0.0,0.024,0.003,0.003,0.0,0.0,0.0,,,,,,,,,,5.56,331002647.0,35.608,38.3,15.413,9.732,54225.446,1.2,151.089,10.79,19.1,24.6,,2.77,78.86,0.924
USA,North America,United States,2020-02-03,11.0,3.0,0.857,0.0,0.0,0.0,0.033,0.009,0.003,0.0,0.0,0.0,,,,,,,,,,5.56,331002647.0,35.608,38.3,15.413,9.732,54225.446,1.2,151.089,10.79,19.1,24.6,,2.77,78.86,0.924
USA,North America,United States,2020-02-04,11.0,0.0,0.857,0.0,0.0,0.0,0.033,0.0,0.003,0.0,0.0,0.0,,,,,,,,,,5.56,331002647.0,35.608,38.3,15.413,9.732,54225.446,1.2,151.089,10.79,19.1,24.6,,2.77,78.86,0.924
USA,North America,United States,2020-02-05,11.0,0.0,0.857,0.0,0.0,0.0,0.033,0.0,0.003,0.0,0.0,0.0,,,,,,,,,,5.56,331002647.0,35.608,38.3,15.413,9.732,54225.446,1.2,151.089,10.79,19.1,24.6,,2.77,78.86,0.924
USA,North America,United States,2020-02-06,12.0,1.0,1.0,0.0,0.0,0.0,0.036,0.003,0.003,0.0,0.0,0.0,,,,,,,,,,5.56,331002647.0,35.608,38.3,15.413,9.732,54225.446,1.2,151.089,10.79,19.1,24.6,,2.77,78.86,0.924
USA,North America,United States,2020-02-07,12.0,0.0,0.857,0.0,0.0,0.0,0.036,0.0,0.003,0.0,0.0,0.0,,,,,,,,,,5.56,331002647.0,35.608,38.3,15.413,9.732,54225.446,1.2,151.089,10.79,19.1,24.6,,2.77,78.86,0.924
USA,North America,United States,2020-02-08,12.0,0.0,0.714,0.0,0.0,0.0,0.036,0.0,0.002,0.0,0.0,0.0,,,,,,,,,,5.56,331002647.0,35.608,38.3,15.413,9.732,54225.446,1.2,151.089,10.79,19.1,24.6,,2.77,78.86,0.924
USA,North America,United States,2020-02-09,12.0,0.0,0.571,0.0,0.0,0.0,0.036,0.0,0.002,0.0,0.0,0.0,,,,,,,,,,5.56,331002647.0,35.608,38.3,15.413,9.732,54225.446,1.2,151.089,10.79,19.1,24.6,,2.77,78.86,0.924
USA,North America,United States,2020-02-10,12.0,0.0,0.143,0.0,0.0,0.0,0.036,0.0,0.0,0.0,0.0,0.0,,,,,,,,,,5.56,331002647.0,35.608,38.3,15.413,9.732,54225.446,1.2,151.089,10.79,19.1,24.6,,2.77,78.86,0.924
USA,North America,United States,2020-02-11,13.0,1.0,0.286,0.0,0.0,0.0,0.039,0.003,0.001,0.0,0.0,0.0,,,,,,,,,,5.56,331002647.0,35.608,38.3,15.413,9.732,54225.446,1.2,151.089,10.79,19.1,24.6,,2.77,78.86,0.924
USA,North America,United States,2020-02-12,13.0,0.0,0.286,0.0,0.0,0.0,0.039,0.0,0.001,0.0,0.0,0.0,,,,,,,,,,5.56,331002647.0,35.608,38.3,15.413,9.732,54225.446,1.2,151.089,10.79,19.1,24.6,,2.77,78.86,0.924
USA,North America,United States,2020-02-13,14.0,1.0,0.286,0.0,0.0,0.0,0.042,0.003,0.001,0.0,0.0,0.0,,,,,,,,,,5.56,331002647.0,35.608,38.3,15.413,9.732,54225.446,1.2,151.089,10.79,19.1,24.6,,2.77,78.86,0.924
USA,North America,United States,2020-02-14,15.0,1.0,0.429,0.0,0.0,0.0,0.045,0.003,0.001,0.0,0.0,0.0,,,,,,,,,,5.56,331002647.0,35.608,38.3,15.413,9.732,54225.446,1.2,151.089,10.79,19.1,24.6,,2.77,78.86,0.924
USA,North America,United States,2020-02-15,15.0,0.0,0.429,0.0,0.0,0.0,0.045,0.0,0.001,0.0,0.0,0.0,,,,,,,,,,5.56,331002647.0,35.608,38.3,15.413,9.732,54225.446,1.2,151.089,10.79,19.1,24.6,,2.77,78.86,0.924
USA,North America,United States,2020-02-16,15.0,0.0,0.429,0.0,0.0,0.0,0.045,0.0,0.001,0.0,0.0,0.0,,,,,,,,,,5.56,331002647.0,35.608,38.3,15.413,9.732,54225.446,1.2,151.089,10.79,19.1,24.6,,2.77,78.86,0.924
USA,North America,United States,2020-02-17,15.0,0.0,0.429,0.0,0.0,0.0,0.045,0.0,0.001,0.0,0.0,0.0,,,,,,,,,,5.56,331002647.0,35.608,38.3,15.413,9.732,54225.446,1.2,151.089,10.79,19.1,24.6,,2.77,78.86,0.924
USA,North America,United States,2020-02-18,15.0,0.0,0.286,0.0,0.0,0.0,0.045,0.0,0.001,0.0,0.0,0.0,,,,,,,,,,5.56,331002647.0,35.608,38.3,15.413,9.732,54225.446,1.2,151.089,10.79,19.1,24.6,,2.77,78.86,0.924
USA,North America,United States,2020-02-19,15.0,0.0,0.286,0.0,0.0,0.0,0.045,0.0,0.001,0.0,0.0,0.0,,,,,,,,,,5.56,331002647.0,35.608,38.3,15.413,9.732,54225.446,1.2,151.089,10.79,19.1,24.6,,2.77,78.86,0.924
USA,North America,United States,2020-02-20,15.0,0.0,0.143,0.0,0.0,0.0,0.045,0.0,0.0,0.0,0.0,0.0,,,,,,,,,,5.56,331002647.0,35.608,38.3,15.413,9.732,54225.446,1.2,151.089,10.79,19.1,24.6,,2.77,78.86,0.924
USA,North America,United States,2020-02-21,16.0,1.0,0.143,0.0,0.0,0.0,0.048,0.003,0.0,0.0,0.0,0.0,,,,,,,,,,5.56,331002647.0,35.608,38.3,15.413,9.732,54225.446,1.2,151.089,10.79,19.1,24.6,,2.77,78.86,0.924
USA,North America,United States,2020-02-22,35.0,19.0,2.857,0.0,0.0,0.0,0.106,0.057,0.009,0.0,0.0,0.0,,,,,,,,,,5.56,331002647.0,35.608,38.3,15.413,9.732,54225.446,1.2,151.089,10.79,19.1,24.6,,2.77,78.86,0.924
USA,North America,United States,2020-02-23,35.0,0.0,2.857,0.0,0.0,0.0,0.106,0.0,0.009,0.0,0.0,0.0,,,,,,,,,,5.56,331002647.0,35.608,38.3,15.413,9.732,54225.446,1.2,151.089,10.79,19.1,24.6,,2.77,78.86,0.924
USA,North America,United States,2020-02-24,35.0,0.0,2.857,0.0,0.0,0.0,0.106,0.0,0.009,0.0,0.0,0.0,,,,,,,,,,5.56,331002647.0,35.608,38.3,15.413,9.732,54225.446,1.2,151.089,10.79,19.1,24.6,,2.77,78.86,0.924
USA,North America,United States,2020-02-25,53.0,18.0,5.429,0.0,0.0,0.0,0.16,0.054,0.016,0.0,0.0,0.0,,,,,,,,,,5.56,331002647.0,35.608,38.3,15.413,9.732,54225.446,1.2,151.089,10.79,19.1,24.6,,2.77,78.86,0.924
USA,North America,United States,2020-02-26,53.0,0.0,5.429,0.0,0.0,0.0,0.16,0.0,0.016,0.0,0.0,0.0,,,,,,,,,,5.56,331002647.0,35.608,38.3,15.413,9.732,54225.446,1.2,151.089,10.79,19.1,24.6,,2.77,78.86,0.924
USA,North America,United States,2020-02-27,59.0,6.0,6.286,0.0,0.0,0.0,0.178,0.018,0.019,0.0,0.0,0.0,,,,,,,,,,5.56,331002647.0,35.608,38.3,15.413,9.732,54225.446,1.2,151.089,10.79,19.1,24.6,,2.77,78.86,0.924
USA,North America,United States,2020-02-28,60.0,1.0,6.286,0.0,0.0,0.0,0.181,0.003,0.019,0.0,0.0,0.0,,,,,,,,,,5.56,331002647.0,35.608,38.3,15.413,9.732,54225.446,1.2,151.089,10.79,19.1,24.6,,2.77,78.86,0.924
USA,North America,United States,2020-02-29,66.0,6.0,4.429,0.0,0.0,0.0,0.199,0.018,0.013,0.0,0.0,0.0,,,,,,,,,,5.56,331002647.0,35.608,38.3,15.413,9.732,54225.446,1.2,151.089,10.79,19.1,24.6,,2.77,78.86,0.924
USA,North America,United States,2020-03-01,69.0,3.0,4.857,1.0,1.0,0.143,0.208,0.009,0.015,0.003,0.003,0.0,130.0,130.0,0.0,0.0,,,,,tests performed,8.33,331002647.0,35.608,38.3,15.413,9.732,54225.446,1.2,151.089,10.79,19.1,24.6,,2.77,78.86,0.924
USA,North America,United States,2020-03-02,89.0,20.0,7.714,2.0,1.0,0.286,0.269,0.06,0.023,0.006,0.003,0.001,342.0,472.0,0.001,0.001,,,,,tests performed,11.11,331002647.0,35.608,38.3,15.413,9.732,54225.446,1.2,151.089,10.79,19.1,24.6,,2.77,78.86,0.924
USA,North America,United States,2020-03-03,103.0,14.0,7.143,6.0,4.0,0.857,0.311,0.042,0.022,0.018,0.012,0.003,729.0,1201.0,0.004,0.002,,,,,tests performed,11.11,331002647.0,35.608,38.3,15.413,9.732,54225.446,1.2,151.089,10.79,19.1,24.6,,2.77,78.86,0.924
USA,North America,United States,2020-03-04,125.0,22.0,10.286,9.0,3.0,1.286,0.378,0.066,0.031,0.027,0.009,0.004,841.0,2042.0,0.006,0.003,,,,,tests performed,11.11,331002647.0,35.608,38.3,15.413,9.732,54225.446,1.2,151.089,10.79,19.1,24.6,,2.77,78.86,0.924
USA,North America,United States,2020-03-05,159.0,34.0,14.286,11.0,2.0,1.571,0.48,0.103,0.043,0.033,0.006,0.005,973.0,3015.0,0.009,0.003,,,,,tests performed,20.37,331002647.0,35.608,38.3,15.413,9.732,54225.446,1.2,151.089,10.79,19.1,24.6,,2.77,78.86,0.924
USA,North America,United States,2020-03-06,233.0,74.0,24.714,12.0,1.0,1.714,0.704,0.224,0.075,0.036,0.003,0.005,1315.0,4330.0,0.013,0.004,,,,,tests performed,20.37,331002647.0,35.608,38.3,15.413,9.732,54225.446,1.2,151.089,10.79,19.1,24.6,,2.77,78.86,0.924
USA,North America,United States,2020-03-07,338.0,105.0,38.857,14.0,2.0,2.0,1.021,0.317,0.117,0.042,0.006,0.006,1320.0,5650.0,0.017,0.004,,,,,tests performed,20.37,331002647.0,35.608,38.3,15.413,9.732,54225.446,1.2,151.089,10.79,19.1,24.6,,2.77,78.86,0.924
USA,North America,United States,2020-03-08,433.0,95.0,52.0,17.0,3.0,2.286,1.308,0.287,0.157,0.051,0.009,0.007,1414.0,7064.0,0.021,0.004,991.0,0.003,19.058,0.052000000000000005,tests performed,20.37,331002647.0,35.608,38.3,15.413,9.732,54225.446,1.2,151.089,10.79,19.1,24.6,,2.77,78.86,0.924
USA,North America,United States,2020-03-09,554.0,121.0,66.429,21.0,4.0,2.714,1.674,0.366,0.201,0.063,0.012,0.008,2028.0,9092.0,0.027,0.006,1231.0,0.004,18.531,0.054000000000000006,tests performed,20.37,331002647.0,35.608,38.3,15.413,9.732,54225.446,1.2,151.089,10.79,19.1,24.6,,2.77,78.86,0.924
USA,North America,United States,2020-03-10,754.0,200.0,93.0,26.0,5.0,2.857,2.278,0.604,0.281,0.079,0.015,0.009,2671.0,11763.0,0.036,0.008,1509.0,0.005,16.226,0.062,tests performed,20.37,331002647.0,35.608,38.3,15.413,9.732,54225.446,1.2,151.089,10.79,19.1,24.6,,2.77,78.86,0.924
USA,North America,United States,2020-03-11,1025.0,271.0,128.571,28.0,2.0,2.714,3.097,0.819,0.388,0.085,0.006,0.008,3852.0,15615.0,0.047,0.012,1939.0,0.006,15.081,0.066,tests performed,21.76,331002647.0,35.608,38.3,15.413,9.732,54225.446,1.2,151.089,10.79,19.1,24.6,,2.77,78.86,0.924
USA,North America,United States,2020-03-12,1312.0,287.0,164.714,30.0,2.0,2.714,3.964,0.867,0.498,0.091,0.006,0.008,7007.0,22622.0,0.068,0.021,2801.0,0.008,17.005,0.059000000000000004,tests performed,30.09,331002647.0,35.608,38.3,15.413,9.732,54225.446,1.2,151.089,10.79,19.1,24.6,,2.77,78.86,0.924
USA,North America,United States,2020-03-13,1663.0,351.0,204.286,40.0,10.0,4.0,5.024,1.06,0.617,0.121,0.03,0.012,9965.0,32587.0,0.098,0.03,4037.0,0.012,19.762,0.051,tests performed,30.09,331002647.0,35.608,38.3,15.413,9.732,54225.446,1.2,151.089,10.79,19.1,24.6,,2.77,78.86,0.924
USA,North America,United States,2020-03-14,2174.0,511.0,262.286,47.0,7.0,4.714,6.568,1.544,0.792,0.142,0.021,0.014,10570.0,43157.0,0.13,0.032,5358.0,0.016,20.428,0.049,tests performed,35.65,331002647.0,35.608,38.3,15.413,9.732,54225.446,1.2,151.089,10.79,19.1,24.6,,2.77,78.86,0.924
USA,North America,United States,2020-03-15,2951.0,777.0,359.714,57.0,10.0,5.714,8.915,2.347,1.087,0.172,0.03,0.017,11988.0,55145.0,0.167,0.036,6869.0,0.021,19.096,0.052000000000000005,tests performed,41.2,331002647.0,35.608,38.3,15.413,9.732,54225.446,1.2,151.089,10.79,19.1,24.6,,2.77,78.86,0.924
USA,North America,United States,2020-03-16,3774.0,823.0,460.0,69.0,12.0,6.857,11.402,2.486,1.39,0.208,0.036,0.021,22992.0,78137.0,0.236,0.069,9864.0,0.03,21.443,0.047,tests performed,52.31,331002647.0,35.608,38.3,15.413,9.732,54225.446,1.2,151.089,10.79,19.1,24.6,,2.77,78.86,0.924
USA,North America,United States,2020-03-17,4661.0,887.0,558.143,85.0,16.0,8.429,14.081,2.68,1.686,0.257,0.048,0.025,36173.0,114310.0,0.345,0.109,14650.0,0.044,26.248,0.038,tests performed,55.09,331002647.0,35.608,38.3,15.413,9.732,54225.446,1.2,151.089,10.79,19.1,24.6,,2.77,78.86,0.924
USA,North America,United States,2020-03-18,6427.0,1766.0,771.714,108.0,23.0,11.429,19.417,5.335,2.331,0.326,0.069,0.035,46939.0,161249.0,0.487,0.142,20805.0,0.063,26.959,0.037000000000000005,tests performed,55.09,331002647.0,35.608,38.3,15.413,9.732,54225.446,1.2,151.089,10.79,19.1,24.6,,2.77,78.86,0.924
USA,North America,United States,2020-03-19,9415.0,2988.0,1157.571,150.0,42.0,17.143,28.444,9.027,3.497,0.453,0.127,0.052,56562.0,217811.0,0.658,0.171,27884.0,0.084,24.088,0.042,tests performed,67.13,331002647.0,35.608,38.3,15.413,9.732,54225.446,1.2,151.089,10.79,19.1,24.6,,2.77,78.86,0.924
USA,North America,United States,2020-03-20,14250.0,4835.0,1798.143,150.0,0.0,15.714,43.051,14.607,5.432,0.453,0.0,0.047,68368.0,286179.0,0.865,0.207,36227.0,0.109,20.147000000000002,0.05,tests performed,67.13,331002647.0,35.608,38.3,15.413,9.732,54225.446,1.2,151.089,10.79,19.1,24.6,,2.77,78.86,0.924
USA,North America,United States,2020-03-21,19624.0,5374.0,2492.857,260.0,110.0,30.429,59.287,16.236,7.531,0.785,0.332,0.092,68697.0,354876.0,1.072,0.208,44531.0,0.135,17.863,0.055999999999999994,tests performed,72.69,331002647.0,35.608,38.3,15.413,9.732,54225.446,1.2,151.089,10.79,19.1,24.6,,2.77,78.86,0.924
USA,North America,United States,2020-03-22,26747.0,7123.0,3399.429,340.0,80.0,40.429,80.806,21.519,10.27,1.027,0.242,0.122,63283.0,418159.0,1.263,0.191,51859.0,0.157,15.255,0.066,tests performed,72.69,331002647.0,35.608,38.3,15.413,9.732,54225.446,1.2,151.089,10.79,19.1,24.6,,2.77,78.86,0.924
USA,North America,United States,2020-03-23,35206.0,8459.0,4490.286,471.0,131.0,57.429,106.362,25.556,13.566,1.423,0.396,0.173,71202.0,489361.0,1.478,0.215,58746.0,0.177,13.083,0.076,tests performed,72.69,331002647.0,35.608,38.3,15.413,9.732,54225.446,1.2,151.089,10.79,19.1,24.6,,2.77,78.86,0.924
USA,North America,United States,2020-03-24,46442.0,11236.0,5968.714,590.0,119.0,72.143,140.307,33.945,18.032,1.782,0.36,0.218,92295.0,581656.0,1.757,0.279,66764.0,0.202,11.186,0.08900000000000001,tests performed,72.69,331002647.0,35.608,38.3,15.413,9.732,54225.446,1.2,151.089,10.79,19.1,24.6,,2.77,78.86,0.924
USA,North America,United States,2020-03-25,55231.0,8789.0,6972.0,801.0,211.0,99.0,166.86,26.553,21.063,2.42,0.637,0.299,101395.0,683051.0,2.064,0.306,74543.0,0.225,10.692,0.094,tests performed,72.69,331002647.0,35.608,38.3,15.413,9.732,54225.446,1.2,151.089,10.79,19.1,24.6,,2.77,78.86,0.924
USA,North America,United States,2020-03-26,69194.0,13963.0,8539.857,1050.0,249.0,128.571,209.044,42.184,25.8,3.172,0.752,0.388,113251.0,796302.0,2.406,0.342,82642.0,0.25,9.677,0.10300000000000001,tests performed,72.69,331002647.0,35.608,38.3,15.413,9.732,54225.446,1.2,151.089,10.79,19.1,24.6,,2.77,78.86,0.924
USA,North America,United States,2020-03-27,85991.0,16797.0,10248.714,1296.0,246.0,163.714,259.789,50.746,30.963,3.915,0.743,0.495,119072.0,915374.0,2.765,0.36,89885.0,0.272,8.77,0.114,tests performed,72.69,331002647.0,35.608,38.3,15.413,9.732,54225.446,1.2,151.089,10.79,19.1,24.6,,2.77,78.86,0.924
USA,North America,United States,2020-03-28,104686.0,18695.0,12151.714,1707.0,411.0,206.714,316.269,56.48,36.712,5.157,1.242,0.625,108041.0,1023415.0,3.092,0.326,95506.0,0.289,7.859,0.127,tests performed,72.69,331002647.0,35.608,38.3,15.413,9.732,54225.446,1.2,151.089,10.79,19.1,24.6,,2.77,78.86,0.924
USA,North America,United States,2020-03-29,124665.0,19979.0,13988.286,2191.0,484.0,264.429,376.628,60.359,42.26,6.619,1.462,0.799,98694.0,1122109.0,3.39,0.298,100564.0,0.304,7.189,0.139,tests performed,72.69,331002647.0,35.608,38.3,15.413,9.732,54225.446,1.2,151.089,10.79,19.1,24.6,,2.77,78.86,0.924
USA,North America,United States,2020-03-30,143025.0,18360.0,15402.714,2509.0,318.0,291.143,432.096,55.468,46.534,7.58,0.961,0.88,109053.0,1231162.0,3.719,0.329,105972.0,0.32,6.88,0.145,tests performed,72.69,331002647.0,35.608,38.3,15.413,9.732,54225.446,1.2,151.089,10.79,19.1,24.6,,2.77,78.86,0.924
USA,North America,United States,2020-03-31,164620.0,21595.0,16882.571,3170.0,661.0,368.571,497.337,65.241,51.004,9.577,1.997,1.113,127441.0,1358603.0,4.105,0.385,110992.0,0.335,6.574,0.152,tests performed,72.69,331002647.0,35.608,38.3,15.413,9.732,54225.446,1.2,151.089,10.79,19.1,24.6,,2.77,78.86,0.924
USA,North America,United States,2020-04-01,189618.0,24998.0,19198.143,4079.0,909.0,468.286,572.859,75.522,58.0,12.323,2.746,1.415,135288.0,1493891.0,4.513,0.409,115834.0,0.35,6.034,0.166,tests performed,72.69,331002647.0,35.608,38.3,15.413,9.732,54225.446,1.2,151.089,10.79,19.1,24.6,,2.77,78.86,0.924
USA,North America,United States,2020-04-02,216721.0,27103.0,21075.286,5138.0,1059.0,584.0,654.741,81.882,63.671,15.523,3.199,1.764,142088.0,1635979.0,4.942,0.429,119954.0,0.362,5.692,0.17600000000000002,tests performed,72.69,331002647.0,35.608,38.3,15.413,9.732,54225.446,1.2,151.089,10.79,19.1,24.6,,2.77,78.86,0.924
USA,North America,United States,2020-04-03,245540.0,28819.0,22792.714,6053.0,915.0,679.571,741.807,87.066,68.86,18.287,2.764,2.053,150910.0,1786889.0,5.398,0.456,124502.0,0.376,5.462000000000001,0.183,tests performed,72.69,331002647.0,35.608,38.3,15.413,9.732,54225.446,1.2,151.089,10.79,19.1,24.6,,2.77,78.86,0.924
USA,North America,United States,2020-04-04,277965.0,32425.0,24754.143,7157.0,1104.0,778.571,839.767,97.96,74.785,21.622,3.335,2.352,134887.0,1921776.0,5.806,0.408,128337.0,0.388,5.184,0.193,tests performed,72.69,331002647.0,35.608,38.3,15.413,9.732,54225.446,1.2,151.089,10.79,19.1,24.6,,2.77,78.86,0.924
USA,North America,United States,2020-04-05,312237.0,34272.0,26796.0,8501.0,1344.0,901.429,943.307,103.54,80.954,25.683,4.06,2.723,128553.0,2050329.0,6.194,0.388,132603.0,0.401,4.949,0.20199999999999999,tests performed,72.69,331002647.0,35.608,38.3,15.413,9.732,54225.446,1.2,151.089,10.79,19.1,24.6,,2.77,78.86,0.924
USA,North America,United States,2020-04-06,337635.0,25398.0,27801.429,9647.0,1146.0,1019.714,1020.037,76.731,83.992,29.145,3.462,3.081,131145.0,2181474.0,6.591,0.396,135759.0,0.41,4.883,0.205,tests performed,72.69,331002647.0,35.608,38.3,15.413,9.732,54225.446,1.2,151.089,10.79,19.1,24.6,,2.77,78.86,0.924
USA,North America,United States,2020-04-07,368196.0,30561.0,29082.286,10989.0,1342.0,1117.0,1112.366,92.329,87.861,33.199,4.054,3.375,151763.0,2333237.0,7.049,0.458,139233.0,0.421,4.788,0.209,tests performed,72.69,331002647.0,35.608,38.3,15.413,9.732,54225.446,1.2,151.089,10.79,19.1,24.6,,2.77,78.86,0.924
USA,North America,United States,2020-04-08,398809.0,30613.0,29884.429,12895.0,1906.0,1259.429,1204.851,92.486,90.285,38.957,5.758,3.805,346323.0,2679560.0,8.095,1.046,169381.0,0.512,5.667999999999999,0.17600000000000002,tests performed,72.69,331002647.0,35.608,38.3,15.413,9.732,54225.446,1.2,151.089,10.79,19.1,24.6,,2.77,78.86,0.924
USA,North America,United States,2020-04-09,432132.0,33323.0,30773.0,14817.0,1922.0,1382.714,1305.524,100.673,92.969,44.764,5.807,4.177,166704.0,2846264.0,8.599,0.504,172898.0,0.522,5.617999999999999,0.17800000000000002,tests performed,72.69,331002647.0,35.608,38.3,15.413,9.732,54225.446,1.2,151.089,10.79,19.1,24.6,,2.77,78.86,0.924
USA,North America,United States,2020-04-10,466033.0,33901.0,31499.0,16690.0,1873.0,1519.571,1407.943,102.419,95.162,50.423,5.659,4.591,173277.0,3019541.0,9.122,0.523,176093.0,0.532,5.59,0.179,tests performed,72.69,331002647.0,35.608,38.3,15.413,9.732,54225.446,1.2,151.089,10.79,19.1,24.6,,2.77,78.86,0.924
USA,North America,United States,2020-04-11,501560.0,35527.0,31942.143,18777.0,2087.0,1660.0,1515.275,107.331,96.501,56.728,6.305,5.015,207251.0,3226792.0,9.749,0.626,186431.0,0.563,5.837000000000001,0.171,tests performed,72.69,331002647.0,35.608,38.3,15.413,9.732,54225.446,1.2,151.089,10.79,19.1,24.6,,2.77,78.86,0.924
USA,North America,United States,2020-04-12,529951.0,28391.0,31102.0,20608.0,1831.0,1729.571,1601.048,85.773,93.963,62.259,5.532,5.225,120235.0,3347027.0,10.112,0.363,185243.0,0.56,5.956,0.168,tests performed,72.69,331002647.0,35.608,38.3,15.413,9.732,54225.446,1.2,151.089,10.79,19.1,24.6,,2.77,78.86,0.924
USA,North America,United States,2020-04-13,557571.0,27620.0,31419.429,22108.0,1500.0,1780.143,1684.491,83.443,94.922,66.791,4.532,5.378,109006.0,3456033.0,10.441,0.329,182080.0,0.55,5.795,0.17300000000000001,tests performed,72.69,331002647.0,35.608,38.3,15.413,9.732,54225.446,1.2,151.089,10.79,19.1,24.6,,2.77,78.86,0.924
USA,North America,United States,2020-04-14,582594.0,25023.0,30628.286,23649.0,1541.0,1808.571,1760.089,75.598,92.532,71.447,4.656,5.464,149832.0,3605865.0,10.894,0.453,181804.0,0.549,5.936,0.168,tests performed,72.69,331002647.0,35.608,38.3,15.413,9.732,54225.446,1.2,151.089,10.79,19.1,24.6,,2.77,78.86,0.924
USA,North America,United States,2020-04-15,609516.0,26922.0,30101.0,26057.0,2408.0,1880.286,1841.423,81.335,90.939,78.721,7.275,5.681,181182.0,3787047.0,11.441,0.547,158212.0,0.478,5.256,0.19,tests performed,72.69,331002647.0,35.608,38.3,15.413,9.732,54225.446,1.2,151.089,10.79,19.1,24.6,,2.77,78.86,0.924
USA,North America,United States,2020-04-16,639664.0,30148.0,29647.429,30985.0,4928.0,2309.714,1932.504,91.081,89.569,93.61,14.888,6.978,178515.0,3965562.0,11.98,0.539,159900.0,0.483,5.393,0.185,tests performed,72.69,331002647.0,35.608,38.3,15.413,9.732,54225.446,1.2,151.089,10.79,19.1,24.6,,2.77,78.86,0.924
USA,North America,United States,2020-04-17,671331.0,31667.0,29328.286,33284.0,2299.0,2370.571,2028.174,95.67,88.604,100.555,6.946,7.162,177001.0,4142563.0,12.515,0.535,160432.0,0.485,5.47,0.183,tests performed,72.69,331002647.0,35.608,38.3,15.413,9.732,54225.446,1.2,151.089,10.79,19.1,24.6,,2.77,78.86,0.924
USA,North America,United States,2020-04-18,702164.0,30833.0,28657.714,37054.0,3770.0,2611.0,2121.324,93.15,86.579,111.945,11.39,7.888,174812.0,4317375.0,13.043,0.528,155798.0,0.471,5.437,0.184,tests performed,72.69,331002647.0,35.608,38.3,15.413,9.732,54225.446,1.2,151.089,10.79,19.1,24.6,,2.77,78.86,0.924
USA,North America,United States,2020-04-19,735086.0,32922.0,29305.0,38910.0,1856.0,2614.571,2220.786,99.461,88.534,117.552,5.607,7.899,134062.0,4451437.0,13.448,0.405,157773.0,0.477,5.3839999999999995,0.18600000000000003,tests performed,72.69,331002647.0,35.608,38.3,15.413,9.732,54225.446,1.2,151.089,10.79,19.1,24.6,,2.77,78.86,0.924
USA,North America,United States,2020-04-20,759687.0,24601.0,28873.714,40682.0,1772.0,2653.429,2295.109,74.323,87.231,122.905,5.353,8.016,156679.0,4608116.0,13.922,0.473,164583.0,0.497,5.7,0.175,tests performed,72.69,331002647.0,35.608,38.3,15.413,9.732,54225.446,1.2,151.089,10.79,19.1,24.6,,2.77,78.86,0.924
USA,North America,United States,2020-04-21,787752.0,28065.0,29308.286,42539.0,1857.0,2698.571,2379.896,84.788,88.544,128.516,5.61,8.153,217624.0,4825740.0,14.579,0.657,174268.0,0.526,5.946000000000001,0.168,tests performed,72.69,331002647.0,35.608,38.3,15.413,9.732,54225.446,1.2,151.089,10.79,19.1,24.6,,2.77,78.86,0.924
USA,North America,United States,2020-04-22,825041.0,37289.0,30789.286,45063.0,2524.0,2715.143,2492.551,112.655,93.018,136.141,7.625,8.203,224301.0,5050041.0,15.257,0.678,180428.0,0.545,5.86,0.171,tests performed,72.69,331002647.0,35.608,38.3,15.413,9.732,54225.446,1.2,151.089,10.79,19.1,24.6,,2.77,78.86,0.924
USA,North America,United States,2020-04-23,842629.0,17588.0,28995.0,46784.0,1721.0,2257.0,2545.687,53.136,87.597,141.34,5.199,6.819,217632.0,5267673.0,15.914,0.657,186016.0,0.562,6.415,0.156,tests performed,72.69,331002647.0,35.608,38.3,15.413,9.732,54225.446,1.2,151.089,10.79,19.1,24.6,,2.77,78.86,0.924
USA,North America,United States,2020-04-24,869172.0,26543.0,28263.0,49963.0,3179.0,2382.714,2625.876,80.19,85.386,150.944,9.604,7.198,247690.0,5515363.0,16.663,0.748,196114.0,0.592,6.939,0.14400000000000002,tests performed,72.69,331002647.0,35.608,38.3,15.413,9.732,54225.446,1.2,151.089,10.79,19.1,24.6,,2.77,78.86,0.924
USA,North America,United States,2020-04-25,890524.0,21352.0,26908.571,51017.0,1054.0,1994.714,2690.383,64.507,81.294,154.129,3.184,6.026,215378.0,5730741.0,17.313,0.651,201909.0,0.61,7.504,0.133,tests performed,72.69,331002647.0,35.608,38.3,15.413,9.732,54225.446,1.2,151.089,10.79,19.1,24.6,,2.77,78.86,0.924
USA,North America,United States,2020-04-26,939053.0,48529.0,29138.143,53189.0,2172.0,2039.857,2836.995,146.612,88.03,160.691,6.562,6.163,199482.0,5930223.0,17.916,0.603,211255.0,0.638,7.25,0.138,tests performed,72.69,331002647.0,35.608,38.3,15.413,9.732,54225.446,1.2,151.089,10.79,19.1,24.6,,2.77,78.86,0.924
USA,North America,United States,2020-04-27,965910.0,26857.0,29460.429,54876.0,1687.0,2027.714,2918.134,81.138,89.004,165.787,5.097,6.126,217137.0,6147360.0,18.572,0.656,219892.0,0.664,7.4639999999999995,0.134,tests performed,72.69,331002647.0,35.608,38.3,15.413,9.732,54225.446,1.2,151.089,10.79,19.1,24.6,,2.77,78.86,0.924
USA,North America,United States,2020-04-28,988451.0,22541.0,28671.286,56245.0,1369.0,1958.0,2986.233,68.099,86.62,169.923,4.136,5.915,247279.0,6394639.0,19.319,0.747,224128.0,0.677,7.817,0.128,tests performed,72.69,331002647.0,35.608,38.3,15.413,9.732,54225.446,1.2,151.089,10.79,19.1,24.6,,2.77,78.86,0.924
USA,North America,United States,2020-04-29,1012583.0,24132.0,26791.714,58355.0,2110.0,1898.857,3059.139,72.906,80.941,176.298,6.375,5.737,291957.0,6686596.0,20.201,0.882,233794.0,0.706,8.726,0.115,tests performed,72.69,331002647.0,35.608,38.3,15.413,9.732,54225.446,1.2,151.089,10.79,19.1,24.6,,2.77,78.86,0.924
USA,North America,United States,2020-04-30,1039909.0,27326.0,28182.857,60966.0,2611.0,2026.0,3141.694,82.555,85.144,184.186,7.888,6.121,309414.0,6996010.0,21.136,0.935,246905.0,0.746,8.761000000000001,0.114,tests performed,72.69,331002647.0,35.608,38.3,15.413,9.732,54225.446,1.2,151.089,10.79,19.1,24.6,,2.77,78.86,0.924
USA,North America,United States,2020-05-01,1069826.0,29917.0,28664.857,63006.0,2040.0,1863.286,3232.077,90.383,86.6,190.349,6.163,5.629,294177.0,7290187.0,22.025,0.889,253546.0,0.766,8.845,0.113,tests performed,72.69,331002647.0,35.608,38.3,15.413,9.732,54225.446,1.2,151.089,10.79,19.1,24.6,,2.77,78.86,0.924
USA,North America,United States,2020-05-02,1103781.0,33955.0,30465.286,65068.0,2062.0,2007.286,3334.659,102.582,92.039,196.578,6.23,6.064,280054.0,7570241.0,22.871,0.846,262786.0,0.794,8.626,0.11599999999999999,tests performed,72.69,331002647.0,35.608,38.3,15.413,9.732,54225.446,1.2,151.089,10.79,19.1,24.6,,2.77,78.86,0.924
USA,North America,United States,2020-05-03,1133069.0,29288.0,27716.571,66385.0,1317.0,1885.143,3423.142,88.483,83.735,200.557,3.979,5.695,180825.0,7751066.0,23.417,0.546,260120.0,0.786,9.385,0.107,tests performed,72.69,331002647.0,35.608,38.3,15.413,9.732,54225.446,1.2,151.089,10.79,19.1,24.6,,2.77,78.86,0.924
USA,North America,United States,2020-05-04,1158041.0,24972.0,27447.286,67682.0,1297.0,1829.429,3498.585,75.444,82.922,204.476,3.918,5.527,211734.0,7962800.0,24.057,0.64,259349.0,0.784,9.449,0.106,tests performed,72.69,331002647.0,35.608,38.3,15.413,9.732,54225.446,1.2,151.089,10.79,19.1,24.6,,2.77,78.86,0.924
USA,North America,United States,2020-05-05,1180634.0,22593.0,27454.714,68934.0,1252.0,1812.714,3566.842,68.256,82.944,208.258,3.782,5.476,350921.0,8313721.0,25.117,1.06,274155.0,0.828,9.986,0.1,tests performed,72.69,331002647.0,35.608,38.3,15.413,9.732,54225.446,1.2,151.089,10.79,19.1,24.6,,2.77,78.86,0.924
USA,North America,United States,2020-05-06,1204475.0,23841.0,27413.143,71078.0,2144.0,1817.571,3638.868,72.027,82.819,214.735,6.477,5.491,313286.0,8627007.0,26.063,0.946,277202.0,0.837,10.112,0.099,tests performed,72.69,331002647.0,35.608,38.3,15.413,9.732,54225.446,1.2,151.089,10.79,19.1,24.6,,2.77,78.86,0.924
USA,North America,United States,2020-05-07,1228603.0,24128.0,26956.286,73431.0,2353.0,1780.714,3711.762,72.894,81.438,221.844,7.109,5.38,368201.0,8995208.0,27.176,1.112,285600.0,0.863,10.595,0.094,tests performed,72.69,331002647.0,35.608,38.3,15.413,9.732,54225.446,1.2,151.089,10.79,19.1,24.6,,2.77,78.86,0.924
USA,North America,United States,2020-05-08,1256972.0,28369.0,26735.143,75670.0,2239.0,1809.143,3797.468,85.706,80.77,228.608,6.764,5.466,397979.0,9393187.0,28.378,1.202,300429.0,0.908,11.237,0.08900000000000001,tests performed,72.69,331002647.0,35.608,38.3,15.413,9.732,54225.446,1.2,151.089,10.79,19.1,24.6,,2.77,78.86,0.924
USA,North America,United States,2020-05-09,1283929.0,26957.0,25735.429,77180.0,1510.0,1730.286,3878.909,81.44,77.75,233.17,4.562,5.227,316711.0,9709898.0,29.335,0.957,305665.0,0.923,11.877,0.084,tests performed,72.69,331002647.0,35.608,38.3,15.413,9.732,54225.446,1.2,151.089,10.79,19.1,24.6,,2.77,78.86,0.924
USA,North America,United States,2020-05-10,1309541.0,25612.0,25210.286,78794.0,1614.0,1772.714,3956.286,77.377,76.163,238.046,4.876,5.356,215711.0,9925609.0,29.986,0.652,310649.0,0.939,12.322000000000001,0.081,tests performed,72.69,331002647.0,35.608,38.3,15.413,9.732,54225.446,1.2,151.089,10.79,19.1,24.6,,2.77,78.86,0.924
USA,North America,United States,2020-05-11,1329799.0,20258.0,24536.857,79528.0,734.0,1692.286,4017.488,61.202,74.129,240.264,2.218,5.113,350928.0,10276537.0,31.047,1.06,330534.0,0.999,13.470999999999998,0.07400000000000001,tests performed,72.69,331002647.0,35.608,38.3,15.413,9.732,54225.446,1.2,151.089,10.79,19.1,24.6,,2.77,78.86,0.924
USA,North America,United States,2020-05-12,1347916.0,18117.0,23897.429,80684.0,1156.0,1678.571,4072.221,54.734,72.197,243.756,3.492,5.071,406083.0,10682620.0,32.274,1.227,338414.0,1.022,14.161,0.071,tests performed,72.69,331002647.0,35.608,38.3,15.413,9.732,54225.446,1.2,151.089,10.79,19.1,24.6,,2.77,78.86,0.924
USA,North America,United States,2020-05-13,1369964.0,22048.0,23641.286,82387.0,1703.0,1615.571,4138.831,66.61,71.423,248.901,5.145,4.881,422923.0,11105543.0,33.551,1.278,354077.0,1.07,14.977,0.067,tests performed,72.69,331002647.0,35.608,38.3,15.413,9.732,54225.446,1.2,151.089,10.79,19.1,24.6,,2.77,78.86,0.924
USA,North America,United States,2020-05-14,1390746.0,20782.0,23163.286,84133.0,1746.0,1528.857,4201.616,62.785,69.979,254.176,5.275,4.619,432328.0,11537871.0,34.857,1.306,363238.0,1.097,15.682,0.064,tests performed,72.69,331002647.0,35.608,38.3,15.413,9.732,54225.446,1.2,151.089,10.79,19.1,24.6,,2.77,78.86,0.924
USA,North America,United States,2020-05-15,1417889.0,27143.0,22988.143,85906.0,1773.0,1462.286,4283.618,82.002,69.45,259.533,5.356,4.418,428237.0,11966108.0,36.151,1.294,367560.0,1.11,15.989,0.063,tests performed,72.69,331002647.0,35.608,38.3,15.413,9.732,54225.446,1.2,151.089,10.79,19.1,24.6,,2.77,78.86,0.924
USA,North America,United States,2020-05-16,1443397.0,25508.0,22781.143,87568.0,1662.0,1484.0,4360.681,77.063,68.825,264.554,5.021,4.483,363573.0,12329681.0,37.249,1.098,374255.0,1.131,16.428,0.061,tests performed,72.69,331002647.0,35.608,38.3,15.413,9.732,54225.446,1.2,151.089,10.79,19.1,24.6,,2.77,78.86,0.924
USA,North America,United States,2020-05-17,1467884.0,24487.0,22620.429,88754.0,1186.0,1422.857,4434.659,73.978,68.339,268.137,3.583,4.299,303391.0,12633072.0,38.166,0.917,386780.0,1.169,17.099,0.057999999999999996,tests performed,72.69,331002647.0,35.608,38.3,15.413,9.732,54225.446,1.2,151.089,10.79,19.1,24.6,,2.77,78.86,0.924
USA,North America,United States,2020-05-18,1486757.0,18873.0,22422.571,89562.0,808.0,1433.429,4491.677,57.018,67.741,270.578,2.441,4.331,329466.0,12962538.0,39.161,0.995,383714.0,1.159,17.113,0.057999999999999996,tests performed,72.69,331002647.0,35.608,38.3,15.413,9.732,54225.446,1.2,151.089,10.79,19.1,24.6,,2.77,78.86,0.924
USA,North America,United States,2020-05-19,1508598.0,21841.0,22954.571,90353.0,791.0,1381.286,4557.661,65.984,69.349,272.968,2.39,4.173,453667.0,13416205.0,40.532,1.371,390512.0,1.18,17.012,0.059000000000000004,tests performed,72.69,331002647.0,35.608,38.3,15.413,9.732,54225.446,1.2,151.089,10.79,19.1,24.6,,2.77,78.86,0.924
USA,North America,United States,2020-05-20,1528568.0,19970.0,22657.714,91921.0,1568.0,1362.0,4617.993,60.332,68.452,277.705,4.737,4.115,411874.0,13828079.0,41.776,1.244,388934.0,1.175,17.166,0.057999999999999996,tests performed,72.69,331002647.0,35.608,38.3,15.413,9.732,54225.446,1.2,151.089,10.79,19.1,24.6,,2.77,78.86,0.924
USA,North America,United States,2020-05-21,1551853.0,23285.0,23015.286,93439.0,1518.0,1329.429,4688.34,70.347,69.532,282.291,4.586,4.016,509413.0,14337492.0,43.315,1.539,399946.0,1.208,17.377,0.057999999999999996,tests performed,72.69,331002647.0,35.608,38.3,15.413,9.732,54225.446,1.2,151.089,10.79,19.1,24.6,,2.77,78.86,0.924
USA,North America,United States,2020-05-22,1577287.0,25434.0,22771.143,94702.0,1263.0,1256.571,4765.179,76.839,68.794,286.106,3.816,3.796,492626.0,14830118.0,44.804,1.488,409144.0,1.236,17.968,0.055999999999999994,tests performed,72.69,331002647.0,35.608,38.3,15.413,9.732,54225.446,1.2,151.089,10.79,19.1,24.6,,2.77,78.86,0.924
USA,North America,United States,2020-05-23,1601434.0,24147.0,22576.714,96007.0,1305.0,1205.571,4838.13,72.951,68.207,290.049,3.943,3.642,381653.0,15211771.0,45.957,1.153,411727.0,1.244,18.237000000000002,0.055,tests performed,72.69,331002647.0,35.608,38.3,15.413,9.732,54225.446,1.2,151.089,10.79,19.1,24.6,,2.77,78.86,0.924
USA,North America,United States,2020-05-24,1622670.0,21236.0,22112.286,97087.0,1080.0,1190.429,4902.287,64.157,66.804,293.312,3.263,3.596,295811.0,15507582.0,46.85,0.894,410644.0,1.241,18.570999999999998,0.054000000000000006,tests performed,72.69,331002647.0,35.608,38.3,15.413,9.732,54225.446,1.2,151.089,10.79,19.1,24.6,,2.77,78.86,0.924
USA,North America,United States,2020-05-25,1643238.0,20568.0,22354.429,97720.0,633.0,1165.429,4964.426,62.138,67.535,295.224,1.912,3.521,396197.0,15903779.0,48.047,1.197,420177.0,1.269,18.796,0.053,tests performed,72.69,331002647.0,35.608,38.3,15.413,9.732,54225.446,1.2,151.089,10.79,19.1,24.6,,2.77,78.86,0.924
USA,North America,United States,2020-05-26,1662302.0,19064.0,21957.714,98220.0,500.0,1123.857,5022.02,57.595,66.337,296.735,1.511,3.395,458735.0,16362514.0,49.433,1.386,420901.0,1.272,19.169,0.052000000000000005,tests performed,72.69,331002647.0,35.608,38.3,15.413,9.732,54225.446,1.2,151.089,10.79,19.1,24.6,,2.77,78.86,0.924
USA,North America,United States,2020-05-27,1681212.0,18910.0,21806.286,98916.0,696.0,999.286,5079.15,57.129,65.879,298.837,2.103,3.019,515000.0,16877514.0,50.989,1.556,435634.0,1.316,19.977,0.05,tests performed,72.69,331002647.0,35.608,38.3,15.413,9.732,54225.446,1.2,151.089,10.79,19.1,24.6,,2.77,78.86,0.924
USA,North America,United States,2020-05-28,1699933.0,18721.0,21154.286,100442.0,1526.0,1000.429,5135.708,56.558,63.91,303.448,4.61,3.022,529430.0,17406944.0,52.589,1.599,438493.0,1.325,20.728,0.048,tests performed,72.69,331002647.0,35.608,38.3,15.413,9.732,54225.446,1.2,151.089,10.79,19.1,24.6,,2.77,78.86,0.924
USA,North America,United States,2020-05-29,1721750.0,21817.0,20637.571,101617.0,1175.0,987.857,5201.62,65.912,62.349,306.998,3.55,2.984,511838.0,17918782.0,54.135,1.546,441238.0,1.333,21.38,0.047,tests performed,72.69,331002647.0,35.608,38.3,15.413,9.732,54225.446,1.2,151.089,10.79,19.1,24.6,,2.77,78.86,0.924
USA,North America,United States,2020-05-30,1747087.0,25337.0,20807.571,102836.0,1219.0,975.571,5278.166,76.546,62.862,310.68,3.683,2.947,466974.0,18385756.0,55.546,1.411,453426.0,1.37,21.791,0.046,tests performed,72.69,331002647.0,35.608,38.3,15.413,9.732,54225.446,1.2,151.089,10.79,19.1,24.6,,2.77,78.86,0.924
USA,North America,United States,2020-05-31,1770384.0,23297.0,21102.0,103781.0,945.0,956.286,5348.549,70.383,63.752,313.535,2.855,2.889,370054.0,18755810.0,56.664,1.118,464033.0,1.402,21.99,0.045,tests performed,72.69,331002647.0,35.608,38.3,15.413,9.732,54225.446,1.2,151.089,10.79,19.1,24.6,,2.77,78.86,0.924
USA,North America,United States,2020-06-01,1790191.0,19807.0,20993.286,104383.0,602.0,951.857,5408.389,59.839,63.423,315.354,1.819,2.876,428870.0,19184680.0,57.959,1.296,468700.0,1.416,22.326,0.045,tests performed,72.69,331002647.0,35.608,38.3,15.413,9.732,54225.446,1.2,151.089,10.79,19.1,24.6,,2.77,78.86,0.924
USA,North America,United States,2020-06-02,1811277.0,21086.0,21282.143,105147.0,764.0,989.571,5472.092,63.703,64.296,317.662,2.308,2.99,461667.0,19646347.0,59.354,1.395,469119.0,1.417,22.043000000000003,0.045,tests performed,72.69,331002647.0,35.608,38.3,15.413,9.732,54225.446,1.2,151.089,10.79,19.1,24.6,,2.77,78.86,0.924
USA,North America,United States,2020-06-03,1831821.0,20544.0,21515.571,106181.0,1034.0,1037.857,5534.158,62.066,65.001,320.786,3.124,3.135,619511.0,20265858.0,61.226,1.872,484049.0,1.462,22.498,0.044000000000000004,tests performed,72.69,331002647.0,35.608,38.3,15.413,9.732,54225.446,1.2,151.089,10.79,19.1,24.6,,2.77,78.86,0.924
USA,North America,United States,2020-06-04,1851520.0,19699.0,21655.286,107175.0,994.0,961.857,5593.671,59.513,65.423,323.789,3.003,2.906,599883.0,20865741.0,63.038,1.812,494114.0,1.493,22.816999999999997,0.044000000000000004,tests performed,72.69,331002647.0,35.608,38.3,15.413,9.732,54225.446,1.2,151.089,10.79,19.1,24.6,,2.77,78.86,0.924
USA,North America,United States,2020-06-05,1872660.0,21140.0,21558.571,108211.0,1036.0,942.0,5657.538,63.867,65.131,326.919,3.13,2.846,551364.0,21417105.0,64.704,1.666,499760.0,1.51,23.180999999999997,0.043,tests performed,72.69,331002647.0,35.608,38.3,15.413,9.732,54225.446,1.2,151.089,10.79,19.1,24.6,,2.77,78.86,0.924
USA,North America,United States,2020-06-06,1897838.0,25178.0,21535.857,109143.0,932.0,901.0,5733.604,76.066,65.062,329.735,2.816,2.722,504097.0,21921202.0,66.227,1.523,505064.0,1.526,23.451999999999998,0.043,tests performed,72.69,331002647.0,35.608,38.3,15.413,9.732,54225.446,1.2,151.089,10.79,19.1,24.6,,2.77,78.86,0.924
USA,North America,United States,2020-06-07,1920061.0,22223.0,21382.429,109802.0,659.0,860.143,5800.742,67.138,64.599,331.725,1.991,2.599,352426.0,22273628.0,67.291,1.065,502545.0,1.518,23.503,0.043,tests performed,72.69,331002647.0,35.608,38.3,15.413,9.732,54225.446,1.2,151.089,10.79,19.1,24.6,,2.77,78.86,0.924
USA,North America,United States,2020-06-08,1942363.0,22302.0,21738.857,110514.0,712.0,875.857,5868.119,67.377,65.676,333.876,2.151,2.646,679755.0,22953383.0,69.345,2.054,538386.0,1.627,24.766,0.04,tests performed,72.69,331002647.0,35.608,38.3,15.413,9.732,54225.446,1.2,151.089,10.79,19.1,24.6,,2.77,78.86,0.924
USA,North America,United States,2020-06-09,1961185.0,18822.0,21415.429,111007.0,493.0,837.143,5924.983,56.864,64.699,335.366,1.489,2.529,584998.0,23538381.0,71.112,1.767,556005.0,1.68,25.963,0.039,tests performed,72.69,331002647.0,35.608,38.3,15.413,9.732,54225.446,1.2,151.089,10.79,19.1,24.6,,2.77,78.86,0.924
USA,North America,United States,2020-06-10,1979850.0,18665.0,21147.0,112006.0,999.0,832.143,5981.372,56.389,63.888,338.384,3.018,2.514,639866.0,24178247.0,73.045,1.933,558913.0,1.689,26.43,0.038,tests performed,72.69,331002647.0,35.608,38.3,15.413,9.732,54225.446,1.2,151.089,10.79,19.1,24.6,,2.77,78.86,0.924
USA,North America,United States,2020-06-11,2000464.0,20614.0,21277.714,112924.0,918.0,821.286,6043.65,62.277,64.283,341.157,2.773,2.481,527702.0,24705949.0,74.64,1.594,548601.0,1.657,25.783,0.039,tests performed,72.69,331002647.0,35.608,38.3,15.413,9.732,54225.446,1.2,151.089,10.79,19.1,24.6,,2.77,78.86,0.924
USA,North America,United States,2020-06-12,2023347.0,22883.0,21526.714,113820.0,896.0,801.286,6112.782,69.132,65.035,343.864,2.707,2.421,536390.0,25242339.0,76.26,1.621,546462.0,1.651,25.385,0.039,tests performed,72.69,331002647.0,35.608,38.3,15.413,9.732,54225.446,1.2,151.089,10.79,19.1,24.6,,2.77,78.86,0.924
USA,North America,United States,2020-06-13,2048986.0,25639.0,21592.571,114669.0,849.0,789.429,6190.241,77.459,65.234,346.429,2.565,2.385,614537.0,25856876.0,78.117,1.857,562239.0,1.699,26.039,0.038,tests performed,72.69,331002647.0,35.608,38.3,15.413,9.732,54225.446,1.2,151.089,10.79,19.1,24.6,,2.77,78.86,0.924
USA,North America,United States,2020-06-14,2074526.0,25540.0,22066.429,115436.0,767.0,804.857,6267.4,77.16,66.665,348.746,2.317,2.432,354809.0,26211685.0,79.189,1.072,562580.0,1.7,25.495,0.039,tests performed,72.69,331002647.0,35.608,38.3,15.413,9.732,54225.446,1.2,151.089,10.79,19.1,24.6,,2.77,78.86,0.924
USA,North America,United States,2020-06-15,2094069.0,19543.0,21672.286,115732.0,296.0,745.429,6326.442,59.042,65.475,349.641,0.894,2.252,567831.0,26779516.0,80.904,1.715,546590.0,1.651,25.221,0.04,tests performed,68.98,331002647.0,35.608,38.3,15.413,9.732,54225.446,1.2,151.089,10.79,19.1,24.6,,2.77,78.86,0.924
USA,North America,United States,2020-06-16,2114026.0,19957.0,21834.429,116127.0,395.0,731.429,6386.734,60.293,65.965,350.834,1.193,2.21,645829.0,27425345.0,82.855,1.951,555281.0,1.678,25.430999999999997,0.039,tests performed,68.98,331002647.0,35.608,38.3,15.413,9.732,54225.446,1.2,151.089,10.79,19.1,24.6,,2.77,78.86,0.924
USA,North America,United States,2020-06-17,2137731.0,23705.0,22554.429,116963.0,836.0,708.143,6458.35,71.616,68.14,353.36,2.526,2.139,702571.0,28127916.0,84.978,2.123,564238.0,1.705,25.017,0.04,tests performed,68.98,331002647.0,35.608,38.3,15.413,9.732,54225.446,1.2,151.089,10.79,19.1,24.6,,2.77,78.86,0.924
USA,North America,United States,2020-06-18,2163290.0,25559.0,23260.857,117717.0,754.0,684.714,6535.567,77.217,70.274,355.638,2.278,2.069,698825.0,28826741.0,87.089,2.111,588685.0,1.778,25.308000000000003,0.04,tests performed,68.98,331002647.0,35.608,38.3,15.413,9.732,54225.446,1.2,151.089,10.79,19.1,24.6,,2.77,78.86,0.924
USA,North America,United States,2020-06-19,2191052.0,27762.0,23957.857,118434.0,717.0,659.143,6619.44,83.872,72.38,357.804,2.166,1.991,821054.0,29647795.0,89.57,2.481,629351.0,1.901,26.269000000000002,0.038,tests performed,68.98,331002647.0,35.608,38.3,15.413,9.732,54225.446,1.2,151.089,10.79,19.1,24.6,,2.77,78.86,0.924
USA,North America,United States,2020-06-20,2220961.0,29909.0,24567.857,119112.0,678.0,634.714,6709.798,90.359,74.223,359.852,2.048,1.918,612622.0,30260417.0,91.42,1.851,629077.0,1.901,25.605999999999998,0.039,tests performed,68.98,331002647.0,35.608,38.3,15.413,9.732,54225.446,1.2,151.089,10.79,19.1,24.6,,2.77,78.86,0.924
USA,North America,United States,2020-06-21,2255119.0,34158.0,25799.0,119719.0,607.0,611.857,6812.994,103.196,77.942,361.686,1.834,1.848,450264.0,30710681.0,92.781,1.36,642714.0,1.942,24.912,0.04,tests performed,68.98,331002647.0,35.608,38.3,15.413,9.732,54225.446,1.2,151.089,10.79,19.1,24.6,,2.77,78.86,0.924
USA,North America,United States,2020-06-22,2280912.0,25793.0,26691.857,119975.0,256.0,606.143,6890.918,77.924,80.639,362.459,0.773,1.831,585861.0,31296542.0,94.551,1.77,645289.0,1.949,24.176,0.040999999999999995,tests performed,68.98,331002647.0,35.608,38.3,15.413,9.732,54225.446,1.2,151.089,10.79,19.1,24.6,,2.77,78.86,0.924
USA,North America,United States,2020-06-23,2312302.0,31390.0,28325.143,120402.0,427.0,610.714,6985.751,94.833,85.574,363.749,1.29,1.845,787846.0,32084388.0,96.931,2.38,665578.0,2.011,23.498,0.043,tests performed,68.98,331002647.0,35.608,38.3,15.413,9.732,54225.446,1.2,151.089,10.79,19.1,24.6,,2.77,78.86,0.924
USA,North America,United States,2020-06-24,2347022.0,34720.0,29898.714,121228.0,826.0,609.286,7090.644,104.893,90.328,366.245,2.495,1.841,724865.0,32809253.0,99.121,2.19,668762.0,2.02,22.368000000000002,0.045,tests performed,68.98,331002647.0,35.608,38.3,15.413,9.732,54225.446,1.2,151.089,10.79,19.1,24.6,,2.77,78.86,0.924
USA,North America,United States,2020-06-25,2381361.0,34339.0,31153.0,121979.0,751.0,608.857,7194.387,103.742,94.117,368.514,2.269,1.839,739505.0,33548758.0,101.355,2.234,674574.0,2.038,21.654,0.046,tests performed,68.98,331002647.0,35.608,38.3,15.413,9.732,54225.446,1.2,151.089,10.79,19.1,24.6,,2.77,78.86,0.924
USA,North America,United States,2020-06-26,2422310.0,40949.0,33036.857,124416.0,2437.0,854.571,7318.099,123.712,99.808,375.876,7.362,2.582,775248.0,34324006.0,103.697,2.342,668030.0,2.018,20.221,0.049,tests performed,68.98,331002647.0,35.608,38.3,15.413,9.732,54225.446,1.2,151.089,10.79,19.1,24.6,,2.77,78.86,0.924
USA,North America,United States,2020-06-27,2467837.0,45527.0,35268.0,125039.0,623.0,846.714,7455.641,137.543,106.549,377.758,1.882,2.558,663983.0,34987989.0,105.703,2.006,675367.0,2.04,19.15,0.052000000000000005,tests performed,68.98,331002647.0,35.608,38.3,15.413,9.732,54225.446,1.2,151.089,10.79,19.1,24.6,,2.77,78.86,0.924
USA,North America,United States,2020-06-28,2510323.0,42486.0,36457.714,125539.0,500.0,831.429,7583.997,128.355,110.143,379.269,1.511,2.512,488279.0,35476268.0,107.178,1.475,680798.0,2.057,18.674,0.054000000000000006,tests performed,68.98,331002647.0,35.608,38.3,15.413,9.732,54225.446,1.2,151.089,10.79,19.1,24.6,,2.77,78.86,0.924
USA,North America,United States,2020-06-29,2548996.0,38673.0,38297.714,125804.0,265.0,832.714,7700.833,116.836,115.702,380.069,0.801,2.516,762332.0,36238600.0,109.481,2.303,706008.0,2.133,18.435,0.054000000000000006,tests performed,68.98,331002647.0,35.608,38.3,15.413,9.732,54225.446,1.2,151.089,10.79,19.1,24.6,,2.77,78.86,0.924
USA,North America,United States,2020-06-30,2590552.0,41556.0,39750.0,126140.0,336.0,819.714,7826.379,125.546,120.09,381.085,1.015,2.476,866933.0,37105533.0,112.1,2.619,717306.0,2.167,18.045,0.055,tests performed,68.98,331002647.0,35.608,38.3,15.413,9.732,54225.446,1.2,151.089,10.79,19.1,24.6,,2.77,78.86,0.924
USA,North America,United States,2020-07-01,2634432.0,43880.0,41058.571,127410.0,1270.0,883.143,7958.945,132.567,124.043,384.921,3.837,2.668,922349.0,38027882.0,114.887,2.787,745518.0,2.252,18.157,0.055,tests performed,68.98,331002647.0,35.608,38.3,15.413,9.732,54225.446,1.2,151.089,10.79,19.1,24.6,,2.77,78.86,0.924
USA,North America,United States,2020-07-02,2686480.0,52048.0,43588.429,128062.0,652.0,869.0,8116.189,157.243,131.686,386.891,1.97,2.625,745477.0,38773359.0,117.139,2.252,746372.0,2.255,17.123,0.057999999999999996,tests performed,68.98,331002647.0,35.608,38.3,15.413,9.732,54225.446,1.2,151.089,10.79,19.1,24.6,,2.77,78.86,0.924
USA,North America,United States,2020-07-03,2739879.0,53399.0,45367.0,128740.0,678.0,617.714,8277.514,161.325,137.059,388.939,2.048,1.866,761273.0,39534632.0,119.439,2.3,744375.0,2.249,16.408,0.061,tests performed,68.98,331002647.0,35.608,38.3,15.413,9.732,54225.446,1.2,151.089,10.79,19.1,24.6,,2.77,78.86,0.924
USA,North America,United States,2020-07-04,2794321.0,54442.0,46640.571,129434.0,694.0,627.857,8441.99,164.476,140.907,391.036,2.097,1.897,530925.0,40065557.0,121.043,1.604,725367.0,2.191,15.552,0.064,tests performed,68.98,331002647.0,35.608,38.3,15.413,9.732,54225.446,1.2,151.089,10.79,19.1,24.6,,2.77,78.86,0.924
USA,North America,United States,2020-07-05,2839542.0,45221.0,47031.286,129676.0,242.0,591.0,8578.608,136.618,142.087,391.767,0.731,1.785,446058.0,40511615.0,122.391,1.348,719335.0,2.173,15.295,0.065,tests performed,68.98,331002647.0,35.608,38.3,15.413,9.732,54225.446,1.2,151.089,10.79,19.1,24.6,,2.77,78.86,0.924
USA,North America,United States,2020-07-06,2888635.0,49093.0,48519.857,129947.0,271.0,591.857,8726.924,148.316,146.584,392.586,0.819,1.788,893774.0,41405389.0,125.091,2.7,738113.0,2.23,15.213,0.066,tests performed,68.98,331002647.0,35.608,38.3,15.413,9.732,54225.446,1.2,151.089,10.79,19.1,24.6,,2.77,78.86,0.924
USA,North America,United States,2020-07-07,2938625.0,49990.0,49724.714,130306.0,359.0,595.143,8877.95,151.026,150.225,393.671,1.085,1.798,860288.0,42265677.0,127.69,2.599,737163.0,2.227,14.825,0.067,tests performed,68.98,331002647.0,35.608,38.3,15.413,9.732,54225.446,1.2,151.089,10.79,19.1,24.6,,2.77,78.86,0.924
USA,North America,United States,2020-07-08,2996098.0,57473.0,51666.571,131480.0,1174.0,581.429,9051.583,173.633,156.091,397.217,3.547,1.757,933642.0,43199319.0,130.51,2.821,738777.0,2.232,14.299000000000001,0.07,tests performed,68.98,331002647.0,35.608,38.3,15.413,9.732,54225.446,1.2,151.089,10.79,19.1,24.6,,2.77,78.86,0.924
USA,North America,United States,2020-07-09,3055004.0,58906.0,52646.286,132309.0,829.0,606.714,9229.546,177.962,159.051,399.722,2.505,1.833,943967.0,44143286.0,133.362,2.852,767132.0,2.318,14.571,0.069,tests performed,68.98,331002647.0,35.608,38.3,15.413,9.732,54225.446,1.2,151.089,10.79,19.1,24.6,,2.77,78.86,0.924
USA,North America,United States,2020-07-10,3118008.0,63004.0,54018.429,133291.0,982.0,650.143,9419.888,190.343,163.196,402.689,2.967,1.964,948760.0,45092046.0,136.229,2.866,793916.0,2.399,14.697000000000001,0.068,tests performed,68.98,331002647.0,35.608,38.3,15.413,9.732,54225.446,1.2,151.089,10.79,19.1,24.6,,2.77,78.86,0.924
USA,North America,United States,2020-07-11,3184633.0,66625.0,55758.857,134097.0,806.0,666.143,9621.171,201.282,168.454,405.124,2.435,2.013,827495.0,45919541.0,138.729,2.5,836283.0,2.527,14.998,0.067,tests performed,68.98,331002647.0,35.608,38.3,15.413,9.732,54225.446,1.2,151.089,10.79,19.1,24.6,,2.77,78.86,0.924
USA,North America,United States,2020-07-12,3247684.0,63051.0,58306.0,134814.0,717.0,734.0,9811.656,190.485,176.15,407.29,2.166,2.218,721265.0,46640806.0,140.908,2.179,875599.0,2.645,15.017000000000001,0.067,tests performed,68.98,331002647.0,35.608,38.3,15.413,9.732,54225.446,1.2,151.089,10.79,19.1,24.6,,2.77,78.86,0.924
USA,North America,United States,2020-07-13,3304942.0,57258.0,59472.429,135205.0,391.0,751.143,9984.639,172.984,179.674,408.471,1.181,2.269,835974.0,47476780.0,143.433,2.526,867342.0,2.62,14.584000000000001,0.069,tests performed,68.98,331002647.0,35.608,38.3,15.413,9.732,54225.446,1.2,151.089,10.79,19.1,24.6,,2.77,78.86,0.924
USA,North America,United States,2020-07-14,3363056.0,58114.0,60633.0,135605.0,400.0,757.0,10160.209,175.57,183.18,409.68,1.208,2.287,925110.0,48401890.0,146.228,2.795,876602.0,2.648,14.458,0.069,tests performed,68.98,331002647.0,35.608,38.3,15.413,9.732,54225.446,1.2,151.089,10.79,19.1,24.6,,2.77,78.86,0.924
USA,North America,United States,2020-07-15,3431574.0,68518.0,62210.857,136466.0,861.0,712.286,10367.21,207.001,187.947,412.281,2.601,2.152,878486.0,49280376.0,148.882,2.654,868722.0,2.625,13.964,0.07200000000000001,tests performed,68.98,331002647.0,35.608,38.3,15.413,9.732,54225.446,1.2,151.089,10.79,19.1,24.6,,2.77,78.86,0.924
USA,North America,United States,2020-07-16,3499291.0,67717.0,63469.571,137419.0,953.0,730.0,10571.792,204.581,191.749,415.16,2.879,2.205,1117426.0,50397802.0,152.258,3.376,893502.0,2.699,14.078,0.071,tests performed,68.98,331002647.0,35.608,38.3,15.413,9.732,54225.446,1.2,151.089,10.79,19.1,24.6,,2.77,78.86,0.924
USA,North America,United States,2020-07-17,3576221.0,76930.0,65459.0,138358.0,939.0,723.857,10804.207,232.415,197.76,417.997,2.837,2.187,1019865.0,51417667.0,155.339,3.081,903660.0,2.73,13.805,0.07200000000000001,tests performed,68.98,331002647.0,35.608,38.3,15.413,9.732,54225.446,1.2,151.089,10.79,19.1,24.6,,2.77,78.86,0.924
USA,North America,United States,2020-07-18,3647715.0,71494.0,66154.571,139266.0,908.0,738.429,11020.199,215.992,199.861,420.74,2.743,2.231,870719.0,52288386.0,157.97,2.631,909835.0,2.749,13.753,0.073,tests performed,68.98,331002647.0,35.608,38.3,15.413,9.732,54225.446,1.2,151.089,10.79,19.1,24.6,,2.77,78.86,0.924
USA,North America,United States,2020-07-19,3711464.0,63749.0,66254.286,140119.0,853.0,757.857,11212.793,192.594,200.162,423.317,2.577,2.29,611840.0,52900226.0,159.818,1.848,894203.0,2.701,13.497,0.07400000000000001,tests performed,68.98,331002647.0,35.608,38.3,15.413,9.732,54225.446,1.2,151.089,10.79,19.1,24.6,,2.77,78.86,0.924
USA,North America,United States,2020-07-20,3773260.0,61796.0,66902.571,140534.0,415.0,761.286,11399.486,186.693,202.121,424.571,1.254,2.3,753950.0,53654176.0,162.096,2.278,882485.0,2.666,13.190999999999999,0.076,tests performed,67.13,331002647.0,35.608,38.3,15.413,9.732,54225.446,1.2,151.089,10.79,19.1,24.6,,2.77,78.86,0.924
USA,North America,United States,2020-07-21,3830010.0,56750.0,66707.714,140906.0,372.0,757.286,11570.935,171.449,201.532,425.694,1.124,2.288,1245214.0,54899390.0,165.858,3.762,928214.0,2.804,13.915,0.07200000000000001,tests performed,67.13,331002647.0,35.608,38.3,15.413,9.732,54225.446,1.2,151.089,10.79,19.1,24.6,,2.77,78.86,0.924
USA,North America,United States,2020-07-22,3902058.0,72048.0,67212.0,142066.0,1160.0,800.0,11788.601,217.666,203.056,429.199,3.505,2.417,1062790.0,55962180.0,169.069,3.211,954543.0,2.884,14.202,0.07,tests performed,67.13,331002647.0,35.608,38.3,15.413,9.732,54225.446,1.2,151.089,10.79,19.1,24.6,,2.77,78.86,0.924
USA,North America,United States,2020-07-23,3970906.0,68848.0,67373.571,143190.0,1124.0,824.429,11996.599,207.998,203.544,432.595,3.396,2.491,1048154.0,57010334.0,172.235,3.167,944647.0,2.854,14.020999999999999,0.071,tests performed,67.13,331002647.0,35.608,38.3,15.413,9.732,54225.446,1.2,151.089,10.79,19.1,24.6,,2.77,78.86,0.924
USA,North America,United States,2020-07-24,4034102.0,63196.0,65411.571,144242.0,1052.0,840.571,12187.522,190.923,197.616,435.773,3.178,2.539,906619.0,57916953.0,174.974,2.739,928469.0,2.805,14.194,0.07,tests performed,67.13,331002647.0,35.608,38.3,15.413,9.732,54225.446,1.2,151.089,10.79,19.1,24.6,,2.77,78.86,0.924
USA,North America,United States,2020-07-25,4112529.0,78427.0,66402.0,145546.0,1304.0,897.143,12424.46,236.938,200.609,439.712,3.94,2.71,942666.0,58859619.0,177.822,2.848,938748.0,2.836,14.137,0.071,tests performed,67.13,331002647.0,35.608,38.3,15.413,9.732,54225.446,1.2,151.089,10.79,19.1,24.6,,2.77,78.86,0.924
USA,North America,United States,2020-07-26,4178027.0,65498.0,66651.857,146460.0,914.0,905.857,12622.337,197.878,201.364,442.474,2.761,2.737,647462.0,59507081.0,179.778,1.956,943836.0,2.851,14.161,0.071,tests performed,67.13,331002647.0,35.608,38.3,15.413,9.732,54225.446,1.2,151.089,10.79,19.1,24.6,,2.77,78.86,0.924
USA,North America,United States,2020-07-27,4234020.0,55993.0,65822.857,146935.0,475.0,914.429,12791.499,169.162,198.859,443.909,1.435,2.763,733252.0,60240333.0,181.994,2.215,940880.0,2.843,14.294,0.07,tests performed,67.13,331002647.0,35.608,38.3,15.413,9.732,54225.446,1.2,151.089,10.79,19.1,24.6,,2.77,78.86,0.924
USA,North America,United States,2020-07-28,4290263.0,56243.0,65750.429,148011.0,1076.0,1015.0,12961.416,169.917,198.64,447.16,3.251,3.066,879024.0,61119357.0,184.649,2.656,888567.0,2.684,13.514000000000001,0.07400000000000001,tests performed,67.13,331002647.0,35.608,38.3,15.413,9.732,54225.446,1.2,151.089,10.79,19.1,24.6,,2.77,78.86,0.924
USA,North America,United States,2020-07-29,4351997.0,61734.0,64277.0,149256.0,1245.0,1027.143,13147.922,186.506,194.189,450.921,3.761,3.103,869752.0,61989109.0,187.277,2.628,860990.0,2.601,13.395,0.075,tests performed,67.13,331002647.0,35.608,38.3,15.413,9.732,54225.446,1.2,151.089,10.79,19.1,24.6,,2.77,78.86,0.924
USA,North America,United States,2020-07-30,4426982.0,74985.0,65153.714,150713.0,1457.0,1074.714,13374.461,226.539,196.837,455.323,4.402,3.247,1007441.0,62996550.0,190.32,3.044,855174.0,2.584,13.125,0.076,tests performed,67.13,331002647.0,35.608,38.3,15.413,9.732,54225.446,1.2,151.089,10.79,19.1,24.6,,2.77,78.86,0.924
USA,North America,United States,2020-07-31,4495014.0,68032.0,65844.571,152070.0,1357.0,1118.286,13579.994,205.533,198.925,459.422,4.1,3.378,976002.0,63972552.0,193.269,2.949,865086.0,2.614,13.138,0.076,tests performed,67.13,331002647.0,35.608,38.3,15.413,9.732,54225.446,1.2,151.089,10.79,19.1,24.6,,2.77,78.86,0.924
USA,North America,United States,2020-08-01,4562037.0,67023.0,64215.429,153314.0,1244.0,1109.714,13782.479,202.485,194.003,463.181,3.758,3.353,778544.0,64751096.0,195.621,2.352,841640.0,2.543,13.107000000000001,0.076,tests performed,67.13,331002647.0,35.608,38.3,15.413,9.732,54225.446,1.2,151.089,10.79,19.1,24.6,,2.77,78.86,0.924
USA,North America,United States,2020-08-02,4620444.0,58407.0,63202.429,154447.0,1133.0,1141.0,13958.934,176.455,190.942,466.604,3.423,3.447,588541.0,65339637.0,197.399,1.778,833222.0,2.517,13.183,0.076,tests performed,67.13,331002647.0,35.608,38.3,15.413,9.732,54225.446,1.2,151.089,10.79,19.1,24.6,,2.77,78.86,0.924
USA,North America,United States,2020-08-03,4667955.0,47511.0,61990.714,154860.0,413.0,1132.143,14102.47,143.537,187.282,467.851,1.248,3.42,694367.0,66034004.0,199.497,2.098,827667.0,2.5,13.350999999999999,0.075,tests performed,67.13,331002647.0,35.608,38.3,15.413,9.732,54225.446,1.2,151.089,10.79,19.1,24.6,,2.77,78.86,0.924
USA,North America,United States,2020-08-04,4713562.0,45607.0,60471.286,155403.0,543.0,1056.0,14240.255,137.784,182.691,469.492,1.64,3.19,790128.0,66824132.0,201.884,2.387,814968.0,2.462,13.477,0.07400000000000001,tests performed,67.13,331002647.0,35.608,38.3,15.413,9.732,54225.446,1.2,151.089,10.79,19.1,24.6,,2.77,78.86,0.924
USA,North America,United States,2020-08-05,4771087.0,57525.0,59870.0,156806.0,1403.0,1078.571,14414.045,173.79,180.875,473.73,4.239,3.258,891084.0,67715216.0,204.576,2.692,818015.0,2.471,13.663,0.073,tests performed,67.13,331002647.0,35.608,38.3,15.413,9.732,54225.446,1.2,151.089,10.79,19.1,24.6,,2.77,78.86,0.924
USA,North America,United States,2020-08-06,4823891.0,52804.0,56701.286,158256.0,1450.0,1077.571,14573.572,159.527,171.302,478.111,4.381,3.255,914087.0,68629303.0,207.338,2.762,804679.0,2.431,14.192,0.07,tests performed,67.13,331002647.0,35.608,38.3,15.413,9.732,54225.446,1.2,151.089,10.79,19.1,24.6,,2.77,78.86,0.924
USA,North America,United States,2020-08-07,4883646.0,59755.0,55518.857,160104.0,1848.0,1147.714,14754.1,180.527,167.729,483.694,5.583,3.467,921407.0,69550710.0,210.121,2.784,796880.0,2.407,14.353,0.07,tests performed,67.13,331002647.0,35.608,38.3,15.413,9.732,54225.446,1.2,151.089,10.79,19.1,24.6,,2.77,78.86,0.924
USA,North America,United States,2020-08-08,4941796.0,58150.0,54251.286,161356.0,1252.0,1148.857,14929.778,175.678,163.9,487.476,3.782,3.471,828414.0,70379124.0,212.624,2.503,804004.0,2.429,14.82,0.067,tests performed,67.13,331002647.0,35.608,38.3,15.413,9.732,54225.446,1.2,151.089,10.79,19.1,24.6,,2.77,78.86,0.924
USA,North America,United States,2020-08-09,4998017.0,56221.0,53939.0,162425.0,1069.0,1139.714,15099.628,169.851,162.956,490.706,3.23,3.443,722392.0,71101516.0,214.806,2.182,823126.0,2.487,15.26,0.066,tests performed,67.13,331002647.0,35.608,38.3,15.413,9.732,54225.446,1.2,151.089,10.79,19.1,24.6,,2.77,78.86,0.924
USA,North America,United States,2020-08-10,5044864.0,46847.0,53844.143,162938.0,513.0,1154.0,15241.159,141.531,162.67,492.256,1.55,3.486,797705.0,71899221.0,217.216,2.41,837888.0,2.531,15.561,0.064,tests performed,67.13,331002647.0,35.608,38.3,15.413,9.732,54225.446,1.2,151.089,10.79,19.1,24.6,,2.77,78.86,0.924
USA,North America,United States,2020-08-11,5094394.0,49530.0,54404.571,163461.0,523.0,1151.143,15390.795,149.636,164.363,493.836,1.58,3.478,968573.0,72867794.0,220.143,2.926,863380.0,2.608,15.87,0.063,tests performed,67.13,331002647.0,35.608,38.3,15.413,9.732,54225.446,1.2,151.089,10.79,19.1,24.6,,2.77,78.86,0.924
USA,North America,United States,2020-08-12,5141207.0,46813.0,52874.286,164537.0,1076.0,1104.429,15532.223,141.428,159.74,497.087,3.251,3.337,969773.0,73837567.0,223.072,2.93,874622.0,2.642,16.542,0.06,tests performed,67.13,331002647.0,35.608,38.3,15.413,9.732,54225.446,1.2,151.089,10.79,19.1,24.6,,2.77,78.86,0.924
USA,North America,United States,2020-08-13,5197148.0,55941.0,53322.429,166027.0,1490.0,1110.143,15701.228,169.005,161.094,501.588,4.501,3.354,1053439.0,74891006.0,226.255,3.183,894529.0,2.702,16.776,0.06,tests performed,67.13,331002647.0,35.608,38.3,15.413,9.732,54225.446,1.2,151.089,10.79,19.1,24.6,,2.77,78.86,0.924
USA,North America,United States,2020-08-14,5248242.0,51094.0,52085.143,167110.0,1083.0,1000.857,15855.589,154.361,157.356,504.86,3.272,3.024,988063.0,75879069.0,229.24,2.985,904051.0,2.731,17.357,0.057999999999999996,tests performed,67.13,331002647.0,35.608,38.3,15.413,9.732,54225.446,1.2,151.089,10.79,19.1,24.6,,2.77,78.86,0.924
USA,North America,United States,2020-08-15,5313080.0,64838.0,53040.571,168446.0,1336.0,1012.857,16051.473,195.884,160.242,508.896,4.036,3.06,850121.0,76729190.0,231.808,2.568,907152.0,2.741,17.102999999999998,0.057999999999999996,tests performed,67.13,331002647.0,35.608,38.3,15.413,9.732,54225.446,1.2,151.089,10.79,19.1,24.6,,2.77,78.86,0.924
USA,North America,United States,2020-08-16,5361165.0,48085.0,51878.286,169481.0,1035.0,1008.0,16196.744,145.271,156.731,512.023,3.127,3.045,629517.0,77358707.0,233.71,1.902,893884.0,2.701,17.23,0.057999999999999996,tests performed,67.13,331002647.0,35.608,38.3,15.413,9.732,54225.446,1.2,151.089,10.79,19.1,24.6,,2.77,78.86,0.924
USA,North America,United States,2020-08-17,5403269.0,42104.0,51200.714,170052.0,571.0,1016.286,16323.945,127.201,154.684,513.748,1.725,3.07,676115.0,78034822.0,235.753,2.043,876514.0,2.648,17.119,0.057999999999999996,tests performed,67.13,331002647.0,35.608,38.3,15.413,9.732,54225.446,1.2,151.089,10.79,19.1,24.6,,2.77,78.86,0.924
USA,North America,United States,2020-08-18,5438325.0,35056.0,49133.0,170497.0,445.0,1005.143,16429.854,105.909,148.437,515.093,1.344,3.037,862892.0,78897714.0,238.36,2.607,861417.0,2.602,17.532,0.057,tests performed,67.13,331002647.0,35.608,38.3,15.413,9.732,54225.446,1.2,151.089,10.79,19.1,24.6,,2.77,78.86,0.924
USA,North America,United States,2020-08-19,5482416.0,44091.0,48744.143,171821.0,1324.0,1040.571,16563.058,133.204,147.262,519.093,4.0,3.144,969544.0,79867258.0,241.289,2.929,861384.0,2.602,17.672,0.057,tests performed,67.13,331002647.0,35.608,38.3,15.413,9.732,54225.446,1.2,151.089,10.79,19.1,24.6,,2.77,78.86,0.924
USA,North America,United States,2020-08-20,5529842.0,47426.0,47527.714,173177.0,1356.0,1021.429,16706.338,143.28,143.587,523.189,4.097,3.086,976516.0,80843774.0,244.239,2.95,850395.0,2.569,17.893,0.055999999999999994,tests performed,67.13,331002647.0,35.608,38.3,15.413,9.732,54225.446,1.2,151.089,10.79,19.1,24.6,,2.77,78.86,0.924
USA,North America,United States,2020-08-21,5573847.0,44005.0,46515.0,174255.0,1078.0,1020.714,16839.282,132.945,140.528,526.446,3.257,3.084,944632.0,81788406.0,247.093,2.854,844191.0,2.55,18.149,0.055,tests performed,67.13,331002647.0,35.608,38.3,15.413,9.732,54225.446,1.2,151.089,10.79,19.1,24.6,,2.77,78.86,0.924
USA,North America,United States,2020-08-22,5623727.0,49880.0,44378.143,175406.0,1151.0,994.286,16989.976,150.694,134.072,529.923,3.477,3.004,791009.0,82579415.0,249.483,2.39,835746.0,2.525,18.832,0.053,tests performed,67.13,331002647.0,35.608,38.3,15.413,9.732,54225.446,1.2,151.089,10.79,19.1,24.6,,2.77,78.86,0.924
USA,North America,United States,2020-08-23,5668105.0,44378.0,43848.571,176362.0,956.0,983.0,17124.047,134.071,132.472,532.811,2.888,2.97,617002.0,83196417.0,251.347,1.864,833959.0,2.519,19.019000000000002,0.053,tests performed,67.13,331002647.0,35.608,38.3,15.413,9.732,54225.446,1.2,151.089,10.79,19.1,24.6,,2.77,78.86,0.924
USA,North America,United States,2020-08-24,5702611.0,34506.0,42763.143,176806.0,444.0,964.857,17228.294,104.247,129.193,534.153,1.341,2.915,652604.0,83849021.0,253.318,1.972,830600.0,2.509,19.423,0.051,tests performed,67.13,331002647.0,35.608,38.3,15.413,9.732,54225.446,1.2,151.089,10.79,19.1,24.6,,2.77,78.86,0.924
USA,North America,United States,2020-08-25,5740909.0,38298.0,43226.286,177279.0,473.0,968.857,17343.997,115.703,130.592,535.582,1.429,2.927,884021.0,84733042.0,255.989,2.671,833618.0,2.518,19.285,0.052000000000000005,tests performed,67.13,331002647.0,35.608,38.3,15.413,9.732,54225.446,1.2,151.089,10.79,19.1,24.6,,2.77,78.86,0.924
USA,North America,United States,2020-08-26,5779028.0,38119.0,42373.143,178486.0,1207.0,952.143,17459.159,115.162,128.015,539.228,3.646,2.877,938704.0,85671746.0,258.825,2.836,829213.0,2.505,19.569000000000003,0.051,tests performed,67.13,331002647.0,35.608,38.3,15.413,9.732,54225.446,1.2,151.089,10.79,19.1,24.6,,2.77,78.86,0.924
USA,North America,United States,2020-08-27,5821876.0,42848.0,41719.143,179714.0,1228.0,933.857,17588.609,129.449,126.039,542.938,3.71,2.821,860813.0,86532559.0,261.426,2.601,812684.0,2.455,19.48,0.051,tests performed,67.13,331002647.0,35.608,38.3,15.413,9.732,54225.446,1.2,151.089,10.79,19.1,24.6,,2.77,78.86,0.924
USA,North America,United States,2020-08-28,5867785.0,45909.0,41991.143,180824.0,1110.0,938.429,17727.305,138.697,126.86,546.292,3.353,2.835,1133623.0,87666182.0,264.85,3.425,839682.0,2.537,19.997,0.05,tests performed,67.13,331002647.0,35.608,38.3,15.413,9.732,54225.446,1.2,151.089,10.79,19.1,24.6,,2.77,78.86,0.924
USA,North America,United States,2020-08-29,5917439.0,49654.0,41958.857,181773.0,949.0,909.571,17877.316,150.011,126.763,549.159,2.867,2.748,863038.0,88529220.0,267.458,2.607,849972.0,2.568,20.257,0.049,tests performed,67.13,331002647.0,35.608,38.3,15.413,9.732,54225.446,1.2,151.089,10.79,19.1,24.6,,2.77,78.86,0.924
USA,North America,United States,2020-08-30,5961582.0,44143.0,41925.286,182779.0,1006.0,916.714,18010.678,133.361,126.661,552.198,3.039,2.77,620280.0,89149500.0,269.332,1.874,850440.0,2.569,20.285,0.049,tests performed,67.13,331002647.0,35.608,38.3,15.413,9.732,54225.446,1.2,151.089,10.79,19.1,24.6,,2.77,78.86,0.924
USA,North America,United States,2020-08-31,5997163.0,35581.0,42078.857,183069.0,290.0,894.714,18118.172,107.495,127.125,553.074,0.876,2.703,698044.0,89847544.0,271.441,2.109,856932.0,2.589,20.365,0.049,tests performed,67.13,331002647.0,35.608,38.3,15.413,9.732,54225.446,1.2,151.089,10.79,19.1,24.6,,2.77,78.86,0.924
USA,North America,United States,2020-09-01,6031013.0,33850.0,41443.429,183598.0,529.0,902.714,18220.437,102.265,125.206,554.672,1.598,2.727,867625.0,90715169.0,274.062,2.621,854590.0,2.582,20.621,0.048,tests performed,67.13,331002647.0,35.608,38.3,15.413,9.732,54225.446,1.2,151.089,10.79,19.1,24.6,,2.77,78.86,0.924
USA,North America,United States,2020-09-02,6075652.0,44639.0,42374.857,184689.0,1091.0,886.143,18355.297,134.86,128.02,557.968,3.296,2.677,976949.0,91692118.0,277.013,2.951,860053.0,2.598,20.296,0.049,tests performed,67.13,331002647.0,35.608,38.3,15.413,9.732,54225.446,1.2,151.089,10.79,19.1,24.6,,2.77,78.86,0.924
USA,North America,United States,2020-09-03,6114406.0,38754.0,41790.0,185744.0,1055.0,861.429,18472.378,117.081,126.253,561.156,3.187,2.602,998122.0,92690240.0,280.029,3.015,879669.0,2.658,21.05,0.048,tests performed,67.13,331002647.0,35.608,38.3,15.413,9.732,54225.446,1.2,151.089,10.79,19.1,24.6,,2.77,78.86,0.924
USA,North America,United States,2020-09-04,6150655.0,36249.0,40410.0,186797.0,1053.0,853.286,18581.891,109.513,122.084,564.337,3.181,2.578,1034126.0,93724366.0,283.153,3.124,865455.0,2.615,21.416999999999998,0.047,tests performed,67.13,331002647.0,35.608,38.3,15.413,9.732,54225.446,1.2,151.089,10.79,19.1,24.6,,2.77,78.86,0.924
USA,North America,United States,2020-09-05,6201726.0,51071.0,40612.429,187765.0,968.0,856.0,18736.182,154.292,122.695,567.261,2.924,2.586,857452.0,94581818.0,285.743,2.59,864657.0,2.612,21.29,0.047,tests performed,67.13,331002647.0,35.608,38.3,15.413,9.732,54225.446,1.2,151.089,10.79,19.1,24.6,,2.77,78.86,0.924
USA,North America,United States,2020-09-06,6245866.0,44140.0,40612.0,188538.0,773.0,822.714,18869.535,133.352,122.694,569.597,2.335,2.486,601438.0,95183256.0,287.56,1.817,861965.0,2.604,21.224,0.047,tests performed,67.13,331002647.0,35.608,38.3,15.413,9.732,54225.446,1.2,151.089,10.79,19.1,24.6,,2.77,78.86,0.924
USA,North America,United States,2020-09-07,6276421.0,30555.0,39894.0,188941.0,403.0,838.857,18961.845,92.31,120.525,570.814,1.218,2.534,447468.0,95630724.0,288.912,1.352,826169.0,2.496,20.709,0.048,tests performed,67.13,331002647.0,35.608,38.3,15.413,9.732,54225.446,1.2,151.089,10.79,19.1,24.6,,2.77,78.86,0.924
USA,North America,United States,2020-09-08,6300671.0,24250.0,38522.571,189208.0,267.0,801.429,19035.108,73.262,116.381,571.621,0.807,2.421,612472.0,96243196.0,290.763,1.85,789718.0,2.386,20.5,0.049,tests performed,67.13,331002647.0,35.608,38.3,15.413,9.732,54225.446,1.2,151.089,10.79,19.1,24.6,,2.77,78.86,0.924
USA,North America,United States,2020-09-09,6327793.0,27122.0,36020.143,189679.0,471.0,712.857,19117.047,81.939,108.821,573.044,1.423,2.154,844780.0,97087976.0,293.315,2.552,770837.0,2.329,21.4,0.047,tests performed,67.13,331002647.0,35.608,38.3,15.413,9.732,54225.446,1.2,151.089,10.79,19.1,24.6,,2.77,78.86,0.924
USA,North America,United States,2020-09-10,6359720.0,31927.0,35044.857,190815.0,1136.0,724.429,19213.502,96.455,105.875,576.476,3.432,2.189,969558.0,98057534.0,296.244,2.929,766756.0,2.316,21.879,0.046,tests performed,67.13,331002647.0,35.608,38.3,15.413,9.732,54225.446,1.2,151.089,10.79,19.1,24.6,,2.77,78.86,0.924
USA,North America,United States,2020-09-11,6397227.0,37507.0,35224.571,191789.0,974.0,713.143,19326.815,113.313,106.418,579.418,2.943,2.154,1021641.0,99079175.0,299.33,3.087,764973.0,2.311,21.717,0.046,tests performed,67.13,331002647.0,35.608,38.3,15.413,9.732,54225.446,1.2,151.089,10.79,19.1,24.6,,2.77,78.86,0.924
USA,North America,United States,2020-09-12,6445288.0,48061.0,34794.571,193016.0,1227.0,750.143,19472.013,145.198,105.119,583.125,3.707,2.266,853839.0,99933014.0,301.91,2.58,764457.0,2.31,21.971,0.046,tests performed,62.5,331002647.0,35.608,38.3,15.413,9.732,54225.446,1.2,151.089,10.79,19.1,24.6,,2.77,78.86,0.924
USA,North America,United States,2020-09-13,6486108.0,40820.0,34320.286,193701.0,685.0,737.571,19595.336,123.322,103.686,585.195,2.069,2.228,663213.0,100596227.0,303.914,2.004,773282.0,2.336,22.531,0.044000000000000004,tests performed,62.5,331002647.0,35.608,38.3,15.413,9.732,54225.446,1.2,151.089,10.79,19.1,24.6,,2.77,78.86,0.924
USA,North America,United States,2020-09-14,6519979.0,33871.0,34794.0,194079.0,378.0,734.0,19697.664,102.328,105.117,586.337,1.142,2.218,689602.0,101285829.0,305.997,2.083,807872.0,2.441,23.219,0.043,tests performed,62.5,331002647.0,35.608,38.3,15.413,9.732,54225.446,1.2,151.089,10.79,19.1,24.6,,2.77,78.86,0.924
USA,North America,United States,2020-09-15,6554820.0,34841.0,36307.0,194530.0,451.0,760.286,19802.923,105.259,109.688,587.699,1.363,2.297,923289.0,102209118.0,308.786,2.789,852275.0,2.575,23.474,0.043,tests performed,62.5,331002647.0,35.608,38.3,15.413,9.732,54225.446,1.2,151.089,10.79,19.1,24.6,,2.77,78.86,0.924
USA,North America,United States,2020-09-16,6606293.0,51473.0,39785.714,195937.0,1407.0,894.0,19958.43,155.506,120.198,591.95,4.251,2.701,1016320.0,103225438.0,311.857,3.07,876780.0,2.649,22.038,0.045,tests performed,62.5,331002647.0,35.608,38.3,15.413,9.732,54225.446,1.2,151.089,10.79,19.1,24.6,,2.77,78.86,0.924
USA,North America,United States,2020-09-17,6630891.0,24598.0,38738.714,196802.0,865.0,855.286,20032.743,74.314,117.034,594.563,2.613,2.584,1115343.0,104340781.0,315.226,3.37,897607.0,2.712,23.171,0.043,tests performed,62.5,331002647.0,35.608,38.3,15.413,9.732,54225.446,1.2,151.089,10.79,19.1,24.6,,2.77,78.86,0.924
USA,North America,United States,2020-09-18,6674458.0,43567.0,39604.429,197633.0,831.0,834.857,20164.364,131.621,119.65,597.074,2.511,2.522,1205037.0,105545818.0,318.867,3.641,923806.0,2.791,23.326,0.043,tests performed,62.5,331002647.0,35.608,38.3,15.413,9.732,54225.446,1.2,151.089,10.79,19.1,24.6,,2.77,78.86,0.924
USA,North America,United States,2020-09-19,6724667.0,50209.0,39911.286,198589.0,956.0,796.143,20316.052,151.688,120.577,599.962,2.888,2.405,918976.0,106464794.0,321.643,2.776,933111.0,2.819,23.38,0.043,tests performed,62.5,331002647.0,35.608,38.3,15.413,9.732,54225.446,1.2,151.089,10.79,19.1,24.6,,2.77,78.86,0.924
USA,North America,United States,2020-09-20,6764962.0,40295.0,39836.286,199258.0,669.0,793.857,20437.788,121.736,120.35,601.983,2.021,2.398,660085.0,107124879.0,323.638,1.994,932665.0,2.818,23.412,0.043,tests performed,62.5,331002647.0,35.608,38.3,15.413,9.732,54225.446,1.2,151.089,10.79,19.1,24.6,,2.77,78.86,0.924
USA,North America,United States,2020-09-21,6804814.0,39852.0,40690.714,199509.0,251.0,775.714,20558.186,120.398,122.932,602.741,0.758,2.344,705447.0,107830326.0,325.769,2.131,934928.0,2.825,22.976,0.044000000000000004,tests performed,62.5,331002647.0,35.608,38.3,15.413,9.732,54225.446,1.2,151.089,10.79,19.1,24.6,,2.77,78.86,0.924
USA,North America,United States,2020-09-22,6857967.0,53153.0,43306.714,199881.0,372.0,764.429,20718.768,160.582,130.835,603.865,1.124,2.309,918985.0,108749311.0,328.545,2.776,934313.0,2.823,21.574,0.046,tests performed,62.5,331002647.0,35.608,38.3,15.413,9.732,54225.446,1.2,151.089,10.79,19.1,24.6,,2.77,78.86,0.924
USA,North America,United States,2020-09-23,6896274.0,38307.0,41425.857,200807.0,926.0,695.714,20834.498,115.73,125.153,606.663,2.798,2.102,1003054.0,109752365.0,331.575,3.03,932418.0,2.817,22.508000000000003,0.044000000000000004,tests performed,62.5,331002647.0,35.608,38.3,15.413,9.732,54225.446,1.2,151.089,10.79,19.1,24.6,,2.77,78.86,0.924
USA,North America,United States,2020-09-24,6934204.0,37930.0,43330.429,201909.0,1102.0,729.571,20949.089,114.591,130.907,609.992,3.329,2.204,982896.0,110735261.0,334.545,2.969,913497.0,2.76,21.081999999999997,0.047,tests performed,62.5,331002647.0,35.608,38.3,15.413,9.732,54225.446,1.2,151.089,10.79,19.1,24.6,,2.77,78.86,0.924
USA,North America,United States,2020-09-25,6978417.0,44213.0,43422.714,202810.0,901.0,739.571,21082.662,133.573,131.185,612.714,2.722,2.234,704702.0,111439963.0,336.674,2.129,842021.0,2.544,19.391,0.052000000000000005,tests performed,62.5,331002647.0,35.608,38.3,15.413,9.732,54225.446,1.2,151.089,10.79,19.1,24.6,,2.77,78.86,0.924
USA,North America,United States,2020-09-26,7033430.0,55013.0,44109.0,203774.0,964.0,740.714,21248.863,166.201,133.259,615.626,2.912,2.238,516985.0,111956948.0,338.236,1.562,784593.0,2.37,17.788,0.055999999999999994,tests performed,62.5,331002647.0,35.608,38.3,15.413,9.732,54225.446,1.2,151.089,10.79,19.1,24.6,,2.77,78.86,0.924
USA,North America,United States,2020-09-27,7078798.0,45368.0,44833.714,204497.0,723.0,748.429,21385.926,137.062,135.448,617.811,2.184,2.261,,,,,,,,,,62.5,331002647.0,35.608,38.3,15.413,9.732,54225.446,1.2,151.089,10.79,19.1,24.6,,2.77,78.86,0.924
USA,North America,United States,2020-09-28,7115046.0,36248.0,44318.857,204756.0,259.0,749.571,21495.435,109.51,133.893,618.593,0.782,2.265,,,,,,,,,,62.5,331002647.0,35.608,38.3,15.413,9.732,54225.446,1.2,151.089,10.79,19.1,24.6,,2.77,78.86,0.924
USA,North America,United States,2020-09-29,7148044.0,32998.0,41439.571,205070.0,314.0,741.286,21595.126,99.691,125.194,619.542,0.949,2.24,,,,,,,,,,,331002647.0,35.608,38.3,15.413,9.732,54225.446,1.2,151.089,10.79,19.1,24.6,,2.77,78.86,0.924
USA,North America,United States,2020-09-30,7191061.0,43017.0,42112.429,205998.0,928.0,741.571,21725.086,129.96,127.227,622.345,2.804,2.24,,,,,,,,,,,331002647.0,35.608,38.3,15.413,9.732,54225.446,1.2,151.089,10.79,19.1,24.6,,2.77,78.86,0.924